date,MKTad,DRFad,CRFad,DEF,TERM,Mkt-RF,hkm
1986-01-31,0.0034018074248549136,0.00038674181179274074,0.009144546675557396,0.006999999999999999,-0.0081,0.006500000000000001,0.0266
1986-02-28,0.05673649418861741,0.05997407135469186,-0.027928575149540034,-0.0393,0.1092,0.0713,0.115
1986-03-31,0.023732131872729215,0.02353278782416422,0.013416440458926149,-0.0514,0.071,0.048799999999999996,0.0795
1986-04-30,-0.00045345958323076015,-0.007020659545434865,0.00516201654586014,0.009600000000000001,-0.0132,-0.0131,-0.0561
1986-05-31,-0.017534516347722878,-0.01660543785863874,0.016237694050749766,0.034100000000000005,-0.055400000000000005,0.0462,0.032299999999999995
1986-06-30,0.014933350703125875,0.008969800548489813,-0.003795680258431064,-0.0395,0.0561,0.0103,-0.044
1986-07-31,-0.00376324500953422,-0.0020676644607405545,-0.009479394867428449,0.013900000000000001,-0.016,-0.0645,-0.0837
1986-08-31,0.019036178131278444,0.014438929544139964,-0.00485172212706916,-0.0224,0.0453,0.060700000000000004,0.09409999999999999
1986-09-30,-0.0031491115957341283,-0.004392760896975167,0.028590289562024855,0.0386,-0.0545,-0.086,-0.125
1986-10-31,0.012576277008300652,0.009107122584921004,0.0010638012736046993,-0.009999999999999998,0.0243,0.0466,0.06670000000000001
1986-11-30,0.011381039572364096,0.0013830088186800483,-0.008690846873607147,-0.0034000000000000002,0.0228,0.011699999999999999,-0.0148
1986-12-31,0.007037851223586563,0.01578598741103059,0.012415941143563331,0.0135,-0.006699999999999999,-0.0327,-0.0284
1987-01-31,0.022708108207332357,0.019791944340959197,0.010103957776450232,0.005500000000000001,0.0119,0.1247,0.1107
1987-02-28,0.002938769798536132,0.0008075935128462639,0.008725968286476322,-0.0144,0.015899999999999997,0.043899999999999995,-0.0021
1987-03-31,-0.009686928919275516,-0.007186161553514235,0.010463584527251628,0.013600000000000001,-0.027,0.016399999999999998,-0.0207
1987-04-30,-0.04170511339102359,-0.03670732982538449,0.01921746103137326,-0.0029,-0.0517,-0.021099999999999997,-0.0339
1987-05-31,-0.0046784896058720635,0.007226131918232068,0.025732693929425295,0.005300000000000001,-0.0143,0.0011,-0.0073
1987-06-30,0.007530101497094814,0.0003557465088157116,-0.013204371986744479,0.0057,0.005,0.0394,0.0439
1987-07-31,-0.004174790927913136,-0.003995093312188877,0.02229987314082981,0.005899999999999999,-0.0224,0.0385,0.0182
1987-08-31,-0.011016512911551441,-0.013695112480801661,0.0071994409538280995,0.009000000000000001,-0.0212,0.0352,0.0253
1987-09-30,-0.03435012737092594,-0.03531544648547195,0.021185480369290303,-0.005299999999999999,-0.0414,-0.0259,-0.039599999999999996
1987-10-31,0.022565810995897315,0.02565121421055989,-0.046885615331129886,-0.0116,0.0563,-0.2324,-0.2871
1987-11-30,0.008155084460729626,0.0021316609596894382,-0.004237918748645991,0.0088,0.0002000000000000001,-0.07769999999999999,-0.1026
1987-12-31,0.01520699687229585,0.008634828943450319,-0.005451070152268337,0.004699999999999999,0.0126,0.0681,0.0347
1988-01-31,0.0386310508711062,0.03547545667515754,-0.012207312383545312,-0.014900000000000004,0.0637,0.0421,0.0992
1988-02-29,0.012828628584064018,0.012385509194558792,0.013385200906785424,0.0086,0.0005999999999999998,0.0475,0.024
1988-03-31,-0.01335845529576325,-0.018027520006462697,0.015735745377059747,0.0119,-0.0351,-0.0227,-0.045700000000000005
1988-04-30,-0.010544656228716299,-0.017276799610104664,0.019424047291502537,0.0011000000000000003,-0.0206,0.005600000000000001,-0.0010999999999999998
1988-05-31,-0.010798722021279853,-0.01084361573720705,0.009199238086554666,0.0045000000000000005,-0.015300000000000001,-0.0029,0.0613
1988-06-30,0.020564898139266624,0.024063945186455587,-0.007892067579250556,0.0011000000000000038,0.0319,0.0479,0.0768
1988-07-31,-0.0053768675631712184,-0.0036981456395465627,0.011415450868971673,0.005900000000000001,-0.0221,-0.0125,0.0051
1988-08-31,-0.004084967569825549,-0.00412854832290295,-0.002127906283657579,-0.0003999999999999993,-0.00010000000000000026,-0.0331,-0.0178
1988-09-30,0.016637988997580955,0.013691607398766056,-0.007645870248115345,-0.0019000000000000059,0.028300000000000002,0.033,0.0374
1988-10-31,0.011501137139874558,0.014881405607729626,-0.004126195037487809,-0.0034999999999999996,0.0247,0.0115,-0.004399999999999999
1988-11-30,-0.01172495894748568,-0.00964351256381597,0.014428095081794066,0.002700000000000001,-0.0253,-0.0229,-0.0109
1988-12-31,-0.0032983519923990073,-0.00091099868620205,-0.0009710258137029935,-0.0070999999999999995,0.004699999999999999,0.0149,-0.0228
1989-01-31,0.009865534932144739,0.010811142520672992,-0.0020122185259987485,-9.99999999999994e-05,0.014799999999999999,0.061,0.1056
1989-02-28,-0.010375406106826442,-0.006157570824892906,0.01001169862621308,0.004999999999999999,-0.024,-0.0225,-0.0361
1989-03-31,-0.003583689014241561,0.004244450440958161,-0.0046293971119978124,-0.0058000000000000005,0.0055000000000000005,0.015700000000000002,0.0732
1989-04-30,0.006879147928123078,0.01222820289333061,-0.019998701438400955,0.0053999999999999986,0.0092,0.0433,0.0087
1989-05-31,0.01839653821953051,0.014291487491784225,-0.009205888469225019,-0.0021999999999999936,0.03219999999999999,0.0335,0.026399999999999996
1989-06-30,0.02093798563967359,0.020986917692068795,-0.016803653585940204,-0.0155,0.0479,-0.013500000000000002,-0.0084
1989-07-31,0.010506194062575948,0.006898121957780753,-0.017704253840374724,-0.006000000000000002,0.016800000000000002,0.07200000000000001,0.1308
1989-08-31,-0.017185802082726062,-0.011971726467249469,0.01337099579859152,0.009600000000000001,-0.033299999999999996,0.0144,-0.0121
1989-09-30,-0.005692374408577925,-0.005019785980885487,-0.01691986802800057,0.0021000000000000003,-0.0046,-0.0076,-0.0022000000000000006
1989-10-31,0.00882947137350336,0.0008420838812754517,-0.025884107651793734,-0.010300000000000004,0.031100000000000003,-0.036699999999999997,-0.09
1989-11-30,-0.001441098949704741,-0.0022209451062720027,-0.0026205702229236466,-0.0007999999999999995,0.0008999999999999998,0.0103,-0.0207
1989-12-31,-0.006407993019753059,-0.008403258304479008,0.0023702947337386118,0.0012,-0.0067,0.0116,-0.0136
1990-01-31,-0.01972456113972968,-0.024491260163000586,0.010290431001792132,0.015199999999999998,-0.039999999999999994,-0.0785,-0.1031
1990-02-28,-0.0066897831547775444,-0.012144816233962744,-0.0010032165438292173,0.0013000000000000002,-0.0082,0.0111,0.028
1990-03-31,0.0012065469257778031,0.007995761712409354,0.009075554714279403,0.0033,-0.0108,0.0183,-0.0482
1990-04-30,-0.005503467016284377,-0.004647949205857096,0.053584419639714956,0.0011000000000000003,-0.0271,-0.0336,-0.041499999999999995
1990-05-31,0.028010934375724453,0.034456545908697664,0.006309751872055884,-0.0030000000000000027,0.0347,0.0842,0.1071
1990-06-30,0.012095680688865157,0.010265145868537716,-0.00010438223356516903,-0.0013999999999999985,0.0167,-0.0109,-0.018000000000000002
1990-07-31,0.006215975313245725,-0.0013436540706025044,0.004228068695212884,-0.0004999999999999987,0.0039,-0.019,-0.0653
1990-08-31,-0.027332181403720766,-0.03147348091190873,-0.007940254721695633,0.0127,-0.0485,-0.1015,-0.10869999999999999
1990-09-30,-0.01024699723394341,-0.011342386918273504,-0.03354181833196082,-0.0026,0.0057,-0.061200000000000004,-0.1444
1990-10-31,-0.008963240687527628,-0.01206347711177163,-0.026173786134412944,-0.008299999999999998,0.014699999999999998,-0.0192,-0.0616
1990-11-30,0.01737902624303439,0.021023359834883563,-0.009000922281669368,-0.011699999999999999,0.0345,0.0635,0.13219999999999998
1990-12-31,0.008049770099317908,0.005562292813589774,-4.317453536410478e-05,-0.0020000000000000018,0.012700000000000001,0.0246,0.034300000000000004
1991-01-31,0.005137169198928696,-0.008749807652986535,-0.01287870508242146,0.002,0.0078,0.046900000000000004,0.068
1991-02-28,0.025858187681772657,0.04386664994975694,0.030164259761008852,0.0091,-0.0017999999999999995,0.0719,0.1106
1991-03-31,0.01741418654483567,0.017072222692455025,0.03316014677852216,0.007000000000000001,-0.0006000000000000003,0.0265,0.056799999999999996
1991-04-30,0.013622007631959471,0.01618917800402799,0.01937369925588884,-0.00020000000000000052,0.0087,-0.0028000000000000004,0.0233
1991-05-31,0.0028988555419503783,-0.0015246065158769303,0.008060917823475334,0.0039,-0.0047,0.0365,0.0383
1991-06-30,-0.001107807250721619,-0.0024065556949999225,0.018233478242750106,0.0045000000000000005,-0.010499999999999999,-0.049400000000000006,-0.0983
1991-07-31,0.013652364988649504,0.014902304714374221,0.006669426949281219,0.0010000000000000009,0.010799999999999999,0.0424,0.0915
1991-08-31,0.011732565482138175,0.017263718027072713,-0.004947989144463267,-0.006500000000000002,0.029400000000000003,0.0232,0.0528
1991-09-30,0.015073592807060091,0.013584750873817535,-0.007923104574936047,-0.0032000000000000015,0.0257,-0.0159,-0.0021
1991-10-31,0.007860590943472523,-0.0020752736401992216,0.011921935635355615,-0.0011000000000000003,0.0012000000000000005,0.0129,-0.0236
1991-11-30,0.004595643412603976,-0.004372012929701052,-0.00039861926011790856,0.0023999999999999994,0.004300000000000001,-0.04190000000000001,-0.1033
1991-12-31,0.02718782803936233,0.03052156016133064,-0.0212339144735412,-0.014499999999999999,0.0543,0.1084,0.122
1992-01-31,-0.008922114466090534,-0.006867174851975277,0.037014766301310606,0.015099999999999999,-0.0358,-0.0059,0.0225
1992-02-29,0.01040431564755424,0.013158115940411792,0.012188078201547705,0.004499999999999999,0.0023000000000000004,0.0109,0.045700000000000005
1992-03-31,-0.003905985195167029,-4.005929044283499e-05,0.01925291514293316,0.0021000000000000003,-0.0128,-0.026600000000000002,-0.0275
1992-04-30,0.003593029529059663,-0.0005847755674802914,0.010397468634662333,0.0,-0.0016,0.010700000000000001,0.0286
1992-05-31,0.018743752708201382,0.014574128171840423,-0.004789207727238211,0.0011000000000000003,0.0215,0.003,0.0247
1992-06-30,0.012350719270257242,0.005385721607008136,-0.0009864140811672193,-0.004400000000000001,0.0168,-0.023399999999999997,0.0085
1992-07-31,0.02150350970624906,0.01728242613621106,-0.009125557363507286,-0.009000000000000001,0.0367,0.0377,-0.0002000000000000001
1992-08-31,0.0072498312232023125,0.030023840500322852,-0.00906081106801881,0.002299999999999999,0.0041,-0.023799999999999998,-0.059
1992-09-30,0.008430024095460727,0.007410536673839449,-0.010956842286523107,-0.008599999999999998,0.015899999999999997,0.011899999999999999,0.0245
1992-10-31,-0.015719628241886482,-0.0077749020121306665,0.016818241514792144,0.004200000000000002,-0.0221,0.0102,0.0047
1992-11-30,-0.005226957357976632,-0.020796885892143836,-0.012776850339037499,0.0059,-0.0013,0.041299999999999996,0.0828
1992-12-31,0.008225312776688162,-0.0009928706288082928,-0.02663038481193111,-0.0017999999999999995,0.0218,0.015300000000000001,0.0377
1993-01-31,0.023011129081196506,0.02444892866108231,0.008652391816054691,-0.002999999999999999,0.0257,0.009300000000000001,0.042499999999999996
1993-02-28,0.01918491758292422,0.015837110562873173,-0.0045682718407675585,-0.0098,0.0332,0.0012,0.0228
1993-03-31,0.0030227971703644697,0.001880872510247894,0.009300086138620616,0.0004000000000000002,-0.0004000000000000002,0.023,0.0556
1993-04-30,0.005814234914248347,0.005669927949593361,0.004459389434103519,-0.002,0.0048000000000000004,-0.0305,-0.0393
1993-05-31,0.0006978483600017256,0.004161126570478696,0.01052574669988611,-0.0027,0.0025,0.028900000000000002,0.0101
1993-06-30,0.0205609920149021,0.019413889556854667,-0.0043822999349793,-0.015600000000000003,0.0424,0.0031,0.054
1993-07-31,0.005154890836174765,0.005183863776619457,0.002086071838756367,-0.009099999999999999,0.0167,-0.0034000000000000002,0.0222
1993-08-31,0.019041938854539354,0.014110915261367684,-0.013728230928478845,-0.014700000000000001,0.0409,0.0371,0.0414
1993-09-30,0.0011216960437593654,-0.000610136187811921,0.005205839996031593,0.0038,-0.0021,-0.0012,0.0494
1993-10-31,0.0057208631485711646,0.0018489885822593924,0.011962787962452984,-0.004499999999999999,0.007399999999999999,0.0141,-0.064
1993-11-30,-0.01178787981847279,-0.008813079023454025,0.006056088421728053,0.007099999999999999,-0.028399999999999998,-0.0189,-0.0185
1993-12-31,0.004591269614581222,0.0017037004940333115,0.0034004306028441915,0.0047,-0.0002999999999999999,0.0165,0.0154
1994-01-31,0.01713923370918334,0.019008672431349266,0.008469930263726678,-0.005500000000000001,0.023200000000000002,0.0287,0.055799999999999995
1994-02-28,-0.020499557895642118,-0.018236543438799414,0.01772084946224944,0.016399999999999998,-0.047099999999999996,-0.0255,-0.07060000000000001
1994-03-31,-0.033042057724591165,-0.031377082063433176,-0.004113515635137544,0.0011999999999999997,-0.0422,-0.0478,-0.0583
1994-04-30,-0.01116266430741076,-0.008530624538647188,0.003112057831582552,0.005299999999999999,-0.0177,0.0068000000000000005,0.0322
1994-05-31,-0.005312584892084646,-0.010071990400547801,0.008813499482722021,0.002000000000000001,-0.011300000000000001,0.0058,0.0492
1994-06-30,-0.00485583372017367,-0.00990034123010838,0.004338184258980975,0.0019000000000000006,-0.0131,-0.030299999999999997,-0.0419
1994-07-31,0.019294739068697005,0.022343509423275013,-0.010500567797397154,-0.0053999999999999986,0.0335,0.0282,0.0301
1994-08-31,-0.0011057651315294727,-0.0011833728337853656,0.009562156937412159,0.0055,-0.0123,0.0401,0.0523
1994-09-30,-0.01920454696521027,-0.022894941235384117,0.016448659131034847,0.006599999999999998,-0.0368,-0.0231,-0.0703
1994-10-31,-0.005175698917108111,-0.005385251404257551,0.0047701643587421474,-0.0025,-0.0063,0.0134,0.041100000000000005
1994-11-30,-0.008115907973658,0.0007408439934168794,-0.011274600383715042,-0.0048000000000000004,0.0029,-0.0404,-0.0653
1994-12-31,0.005354713822439068,0.010300093573771462,0.001480182317116098,-0.00040000000000000105,0.011699999999999999,0.0086,-0.013500000000000002
1995-01-31,0.01727272592584331,0.0132239753025954,-0.002845543487055691,-0.0017000000000000001,0.023100000000000002,0.018000000000000002,0.0445
1995-02-28,0.024025018283040225,0.018769703417972027,-0.00017729051493581925,0.0001999999999999988,0.0247,0.0363,0.06949999999999999
1995-03-31,0.005012627497464294,0.005665873560018377,0.005255697134084765,0.0003999999999999993,0.0045000000000000005,0.0219,-0.0092
1995-04-30,0.012273133181146565,0.009909954412965313,0.0018630232836924815,0.0006000000000000033,0.012499999999999997,0.021099999999999997,0.0477
1995-05-31,0.03751677936952283,0.04212191751914077,-0.018390653122663733,-0.015899999999999997,0.0736,0.028999999999999998,0.0781
1995-06-30,0.004192172372608277,0.005766493527993503,0.0009759058045698143,-0.005999999999999998,0.0092,0.027200000000000002,0.0127
1995-07-31,-0.00586310115213062,-0.009645117209026628,0.015673518960017202,0.006699999999999999,-0.0213,0.037200000000000004,0.05879999999999999
1995-08-31,0.009446277995094055,0.014313273400778054,-0.007382419489011296,-0.0022000000000000006,0.0189,0.0055000000000000005,0.043399999999999994
1995-09-30,0.007492330554619773,0.010725486843119823,0.002587727133469401,-0.0022000000000000023,0.013200000000000002,0.0335,0.06570000000000001
1995-10-31,0.006507868976871872,0.0036070441266464596,-0.011214201239897446,-0.0109,0.0247,-0.0152,-0.046700000000000005
1995-11-30,0.012099845331241562,0.010382109597809504,-0.00851464608840458,-0.0006999999999999992,0.0207,0.039599999999999996,0.05999999999999999
1995-12-31,0.010554352625773367,0.015019927528705554,-0.0014163452753304586,-0.004399999999999998,0.0223,0.0103,-0.0185
1996-01-31,0.00391305191883602,-0.004583231595325303,0.010507009162001896,0.0025,-0.0054,0.0226,0.0665
1996-02-29,-0.022855046968618776,-0.029737189328239655,0.019596705756032548,0.011000000000000003,-0.0522,0.013300000000000001,0.026
1996-03-31,-0.010301816548127408,-0.008970321790206879,0.006658527525742589,0.008000000000000002,-0.024900000000000002,0.0073,0.029400000000000003
1996-04-30,-0.01153021755459344,-0.014747618009547703,0.007994995549247428,0.0005000000000000004,-0.0211,0.0206,-0.0174
1996-05-31,-0.00462096433011104,-0.003422619647299306,0.005178497797944081,0.005900000000000001,-0.009600000000000001,0.0236,0.0211
1996-06-30,0.009269046084698623,0.010013414242305767,-0.004896650987385044,-0.0030999999999999986,0.0163,-0.011399999999999999,-0.0004000000000000002
1996-07-31,-0.002228770794683419,-0.0037564347448970337,0.0029299380385815078,-0.0007999999999999999,-0.0026999999999999997,-0.059699999999999996,-0.0066
1996-08-31,-0.005120616969430553,-0.011725794954649146,0.009122726433020886,0.006899999999999999,-0.018,0.0277,0.0313
1996-09-30,0.016777303088177077,0.017434960744474755,0.001148892709394455,-0.003100000000000002,0.0246,0.0501,0.062
1996-10-31,0.019023235330661595,0.01905969633925293,-0.015286768124873257,-0.004299999999999998,0.036199999999999996,0.0086,0.0771
1996-11-30,0.016522895416604552,0.018400323587407577,0.00030808312586282115,-0.008799999999999999,0.031,0.0625,0.10070000000000001
1996-12-31,-0.014191282177877393,-0.016355260657140904,0.017887756490362564,0.007000000000000003,-0.0302,-0.017,-0.0263
1997-01-31,-0.0023769985767089514,-0.006462197712956613,0.0041554816698464656,0.0051,-0.012400000000000001,0.0499,0.0876
1997-02-28,0.0003753825619800341,0.0015029193403116024,0.013150981523965596,0.0023,-0.0034,-0.0049,0.041299999999999996
1997-03-31,-0.016294221481685252,-0.015105884591117927,0.008117975581239834,0.0030999999999999986,-0.0295,-0.050300000000000004,-0.0819
1997-04-30,0.010939009246123215,0.01104058900105943,-0.00489083113032302,-0.007099999999999999,0.021199999999999997,0.0404,0.0728
1997-05-31,0.006015743460971102,0.00233387276342961,0.00979465712393886,0.0031000000000000003,0.0048000000000000004,0.0674,0.0319
1997-06-30,0.011666197089120743,0.013254846683212992,-0.0008278197049551818,-0.0007999999999999986,0.0158,0.040999999999999995,0.0604
1997-07-31,0.030614468476628433,0.03937351654710999,-0.011839517271502172,-0.009800000000000003,0.058300000000000005,0.0733,0.1253
1997-08-31,-0.016700067821731678,-0.023129128215784382,0.00920903347950483,0.0076999999999999985,-0.0358,-0.0415,-0.0739
1997-09-30,0.013838410613792401,0.01874357319819485,0.0019849247514504213,-0.009000000000000005,0.027200000000000002,0.0535,0.089
1997-10-31,0.009607135483622607,0.010128638049168488,-0.004085816688043253,-0.015,0.0299,-0.038,-0.031
1997-11-30,0.0005917405194948685,0.008425526431701053,0.002859116568249976,-0.004700000000000001,0.0109,0.0298,0.0133
1997-12-31,0.007441279860846837,0.007556703914956558,-0.002063391161714158,-0.002100000000000001,0.013600000000000001,0.0132,0.0429
1998-01-31,0.009540782175701291,0.0017864158506864605,0.0006508387559478801,-0.0063,0.0157,0.0015,-0.0356
1998-02-28,-0.004405881734477534,-0.0021826135472618464,0.004310752138392256,0.0065,-0.011099999999999999,0.0704,0.1043
1998-03-31,0.0017362823353036195,0.001792843827306896,0.002852453462822482,0.0013,-0.0013999999999999998,0.047599999999999996,0.057999999999999996
1998-04-30,0.0004110653794528245,0.0015092733553938604,0.0006116764902187463,0.0027,-0.0017000000000000001,0.0073,0.030900000000000004
1998-05-31,0.007763776842361156,0.011739032349666325,-0.0015001211907959232,-0.0015000000000000013,0.0142,-0.030699999999999998,-0.0202
1998-06-30,0.0037456722672662055,0.0047825672419510535,-0.004000579285542535,-0.011300000000000001,0.0187,0.0318,0.0261
1998-07-31,-0.003969511534282549,-0.012236412253172527,0.006230176615377325,-0.0015999999999999999,-0.008,-0.0246,0.0204
1998-08-31,-0.009042117021339939,-0.01891681190941207,-0.03683576157073594,-0.0376,0.0422,-0.16079999999999997,-0.28490000000000004
1998-09-30,0.02245627726408273,0.016982564679533494,-0.03756559807079457,0.001800000000000003,0.0349,0.061500000000000006,-0.10919999999999999
1998-10-31,-0.017393037517618955,-0.02125000134579145,-0.009975204577132846,0.0028000000000000004,-0.025,0.0713,0.1489
1998-11-30,0.01856084758859388,0.03491946661782198,0.01737475967212421,0.0173,0.0066,0.061,0.10669999999999999
1998-12-31,0.0009421893175297104,0.0007152272031001203,-0.0025966373711227117,0.004200000000000001,-0.007,0.0616,-0.0032
1999-01-31,0.007039971686632899,0.009318569212726061,0.0014269037330497342,0.00020000000000000052,0.0086,0.035,0.045700000000000005
1999-02-28,-0.02626661857936042,-0.03223242515782432,0.022099856234985248,0.0119,-0.0555,-0.0408,0.0237
1999-03-31,0.003548122778997132,-0.0004534550770562293,-0.0033168048688512154,0.001,-0.0051,0.0345,0.06080000000000001
1999-04-30,0.0007353231079299082,0.0009613735134870645,0.010640041248969289,-0.0045,-0.0016000000000000003,0.0433,0.0419
1999-05-31,-0.015687068375452036,-0.014049115885211936,0.012623377851480634,0.000899999999999998,-0.0219,-0.0246,-0.0672
1999-06-30,-0.00912286010580117,-0.013800457537311312,0.002300977046813205,-0.0082,-0.0118,0.04769999999999999,0.0498
1999-07-31,-0.008716584308007664,-0.008761720536065132,0.008048712847960571,-0.003599999999999999,-0.0115,-0.0349,-0.0716
1999-08-31,-0.009139789274231223,-0.010462160937593138,-0.006361201531627589,0.0027,-0.0092,-0.0138,-0.0246
1999-09-30,0.0036712085395107907,-0.002488873231185089,-0.015827551323306422,0.0008999999999999998,0.0045,-0.0279,-0.0563
1999-10-31,-0.003889103534663132,-0.006381303536720358,-0.014593515901786189,0.0059,-0.0050999999999999995,0.061200000000000004,0.1077
1999-11-30,-0.00042257488320436316,0.0005787904446058586,0.01041821512587715,0.0037000000000000006,-0.0097,0.0337,-0.019
1999-12-31,-0.006184201160083025,-0.006206631078351933,0.01190986204744808,0.005299999999999999,-0.0199,0.07719999999999999,0.0003999999999999993
2000-01-31,-0.007705621437047054,0.003998374279750203,0.0010468124008763157,-0.024900000000000002,0.0187,-0.047400000000000005,-0.0615
2000-02-29,0.0023031591012959347,0.00100656439423346,-0.00633992042300052,-0.0172,0.0221,0.0245,-0.047599999999999996
2000-03-31,0.002087868935122849,-0.0011952801214474285,-0.019423005384811107,-0.019800000000000005,0.032,0.052000000000000005,0.11320000000000001
2000-04-30,-0.01455663600726202,-0.020098479840031304,0.008419023987442428,-0.0039,-0.012199999999999999,-0.064,-0.0612
2000-05-31,-0.01132235630321495,-0.014817872089733902,-0.004237395752367176,-0.0107,-0.0104,-0.044199999999999996,0.035300000000000005
2000-06-30,0.019785696659311194,0.018771020162395086,-0.007678866357489298,0.008199999999999995,0.0204,0.0464,-0.0262
2000-07-31,0.006496314118047265,0.006399747787549319,-0.004506658886726618,0.0005999999999999998,0.0125,-0.025099999999999997,0.0879
2000-08-31,0.006737148990633547,-0.0012142577315126819,-0.0034392121306443544,-0.0105,0.019,0.0703,0.11639999999999999
2000-09-30,2.3043424999643052e-05,-0.013024082872110715,-0.004667960188846433,0.0203,-0.0208,-0.0545,-0.0228
2000-10-31,-0.013238104863774025,-0.027594555401505995,-0.022181912654492868,-0.0142,0.0131,-0.0276,-0.0198
2000-11-30,-0.0012493465535521478,-0.004226583631135351,-0.0414337218313755,-0.005599999999999997,0.026799999999999997,-0.1072,-0.0973
2000-12-31,0.013233605445832667,0.0057393908392591505,-0.008290337699956813,0.002700000000000001,0.019299999999999998,0.011899999999999999,0.11349999999999999
2001-01-31,0.03249194389457091,0.05499184123386978,0.029635860265503765,0.0354,-0.0049,0.0313,0.051
2001-02-28,0.007326791921112189,0.010157604618177937,0.0010306756931074666,-0.0063999999999999994,0.0153,-0.1005,-0.11309999999999999
2001-03-31,-0.0011622260288593207,-0.004566595964219248,-0.013918208413070546,0.0045000000000000005,-0.0116,-0.0726,-0.0432
2001-04-30,-0.011741143426531937,-0.01754566106144862,0.0009393851046651767,0.018500000000000003,-0.0352,0.0794,0.0453
2001-05-31,0.011216081719461412,0.023108948793503486,0.01055607937768872,0.0095,0.0005,0.0072,0.0209
2001-06-30,-0.003824647243417149,-0.010174001817833317,-0.020530914532281244,-0.003000000000000001,0.0057,-0.0194,-0.043399999999999994
2001-07-31,0.022641826225213976,0.01599828448060422,-0.014776720614507901,-0.0015000000000000013,0.0346,-0.0213,-0.0072
2001-08-31,0.009096114147816588,0.012803630609482263,0.0016483951762056588,-0.005000000000000001,0.0175,-0.0646,-0.0366
2001-09-30,-0.012580385210121607,-0.03814793039773671,-0.06914694294142187,-0.0233,0.005299999999999999,-0.0925,-0.1081
2001-10-31,0.021338432665625788,0.023507584247191005,-0.004324219970193966,-0.002699999999999994,0.044199999999999996,0.0246,0.0231
2001-11-30,-0.002927211839305968,-0.005222502041375936,0.04247564702748745,0.028300000000000002,-0.0488,0.0754,0.0854
2001-12-31,-0.007180200214941682,-0.007096295788189472,0.0078340081791335,0.009300000000000001,-0.0198,0.016,0.0295
2002-01-31,0.004876600468745844,0.002396924530046728,0.0041754647876816485,0.003700000000000002,0.0124,-0.0144,-0.035699999999999996
2002-02-28,0.002064634452556901,-0.004258872067129568,-0.016701502241452868,0.0014999999999999996,0.0102,-0.0229,-0.032
2002-03-31,-0.010221067388701066,-0.005627494676219686,0.047837157285354655,0.014100000000000001,-0.0449,0.0424,0.0961
2002-04-30,0.010725421952916741,-0.0017495423865319167,0.0005624812236312252,-0.015700000000000002,0.0395,-0.052000000000000005,-0.0038
2002-05-31,0.008928817513276932,0.0032180087916050355,-0.018863121035985534,0.0098,0.00010000000000000005,-0.0138,0.029900000000000003
2002-06-30,-0.021353817244803328,-0.06001348603708225,-0.03861222897657386,-0.0114,0.017400000000000002,-0.0721,-0.0606
2002-07-31,-0.014661844224846395,-0.04708968309252111,-0.02906268961790907,-0.020900000000000002,0.0288,-0.0818,-0.092
2002-08-31,0.030061722388693833,0.06892846814918865,-0.02065607281485647,-0.0011999999999999997,0.045,0.005,0.035300000000000005
2002-09-30,0.007572838869540861,-0.0048779199322987596,-0.03895045086669506,-0.0087,0.0403,-0.1035,-0.1461
2002-10-31,-0.011455128193968506,-0.00436573732888465,0.003309046657706395,0.0053999999999999986,-0.030799999999999998,0.0784,0.0716
2002-11-30,0.02866959146513452,0.06504570780313979,0.06019916699565964,0.0252,-0.0134,0.0596,0.0837
2002-12-31,0.027326892621877402,0.027038093862731826,-0.019557742314101977,-0.014600000000000002,0.049600000000000005,-0.0576,-0.062
2003-01-31,0.010485917906059688,0.0179981554002036,0.03613406140678092,0.0127,-0.0116,-0.025699999999999997,-0.0149
2003-02-28,0.018805889550659448,0.011011296759320551,-0.009997448529152573,-0.006499999999999999,0.032,-0.018799999999999997,-0.0021
2003-03-31,0.006348513564545978,0.005986108214604999,0.03626960835305691,0.0055,-0.014499999999999999,0.0109,-0.0182
2003-04-30,0.028965048808627124,0.059366319669914104,0.04461239299201323,0.0127,0.0092,0.08220000000000001,0.131
2003-05-31,0.026198414808392984,0.02843654174180079,-0.02040104984799381,-0.0121,0.058300000000000005,0.0605,0.0747
2003-06-30,0.003895650892233594,0.005380079349057054,0.02999695186676011,0.0011000000000000003,-0.0164,0.014199999999999999,0.037399999999999996
2003-07-31,-0.0365277141748803,-0.05007435773015577,0.04856894126706504,0.010099999999999998,-0.0989,0.0235,0.0386
2003-08-31,0.009242240091135853,0.021798421467266748,0.011064660202139698,0.005299999999999999,0.0159,0.023399999999999997,-0.005
2003-09-30,0.03350989771936814,0.03361796646659461,-0.013169575595246787,-0.004300000000000005,0.0538,-0.0124,0.0189
2003-10-31,-0.004457947699458961,-0.003381151566605236,0.03766953965237081,0.008,-0.028999999999999998,0.0608,0.07899999999999999
2003-11-30,0.0064888165126086444,0.013233795901312202,0.010728419640341973,0.0079,-0.0034000000000000002,0.013500000000000002,0.0081
2003-12-31,0.014833813763726628,0.017088094002251815,0.011936887529586233,0.0,0.013099999999999999,0.0429,0.056299999999999996
2004-01-31,0.011238886324193533,0.014474007402573583,0.004812329842926505,0.0,0.018000000000000002,0.0215,0.0143
2004-02-29,0.007940662332934941,0.0027685968697286657,-0.014576469110194988,-0.0052,0.0224,0.013999999999999999,0.0303
2004-03-31,0.008405857902853277,0.003655463946980672,-0.002211815607491381,-0.0023,0.0132,-0.0132,-0.016900000000000002
2004-04-30,-0.026369209997079007,-0.02970415798396967,0.031380369498765825,0.005399999999999995,-0.0596,-0.0183,-0.046900000000000004
2004-05-31,-0.009100824282888716,-0.007482263054679453,-0.009680015692271837,-0.002,-0.0057,0.011699999999999999,0.0061
2004-06-30,0.006495135943751234,0.009236061444419592,0.009624828424240835,-0.0028000000000000004,0.0113,0.018600000000000002,0.0171
2004-07-31,0.010958375081196146,0.009796456713848229,-0.0014997675668064624,0.0029,0.014499999999999999,-0.0406,-0.0276
2004-08-31,0.020669848241799203,0.021084532149609668,-0.009401784252455817,0.0,0.038400000000000004,0.0008,0.032
2004-09-30,0.006014977182582046,0.00970949277202529,0.0076641385399574425,0.0005000000000000004,0.008499999999999999,0.016,0.0217
2004-10-31,0.011657786743496826,0.01712418467341657,0.01188229208434426,0.0010000000000000009,0.0143,0.0143,0.0362
2004-11-30,-0.006676397463071366,0.0016360539423520178,0.025408073406784082,0.0034000000000000002,-0.024900000000000002,0.0454,0.037
2004-12-31,0.012386879803181596,0.022725007289244925,0.002175146238182823,0.0006999999999999992,0.0234,0.034300000000000004,0.0359
2005-01-31,0.0036195950395760744,0.010846488224809358,-0.01441662626722608,-0.0023,0.028399999999999998,-0.0276,-0.0303
2005-02-28,-0.0029179249533776456,0.0025633906730731792,0.02317789213470748,0.0016000000000000007,-0.014400000000000001,0.0189,0.0195
2005-03-31,-0.016995414813375614,-0.019027608588347,-0.024975263635400057,-0.005300000000000001,-0.0093,-0.0197,-0.0332
2005-04-30,0.005192545095307583,-0.0011084845933089934,-0.03439695944411215,-0.0046,0.0352,-0.026099999999999998,-0.0092
2005-05-31,0.011210380609023848,0.01886054253050525,0.0025851920140502966,-0.00020000000000000226,0.0273,0.0365,-0.0018
2005-06-30,0.008716503490451302,0.01407469001548009,0.008472924671806499,-0.0026,0.0144,0.005699999999999999,0.0121
2005-07-31,-0.0055540279319039165,-0.0022426571330655355,0.02952058428886021,0.004399999999999998,-0.0312,0.0392,0.0204
2005-08-31,0.008808606759178335,0.001763299309382526,-0.024225386466242775,-0.010000000000000002,0.030300000000000004,-0.012199999999999999,0.0
2005-09-30,-0.0179410085167164,-0.02977922744872815,0.0033362864563437067,0.002799999999999997,-0.036699999999999997,0.0049,0.0328
2005-10-31,-0.01188183199635168,-0.01633626075671366,-0.0012034063392485546,-0.0008000000000000021,-0.0223,-0.0202,0.0036
2005-11-30,0.0011304151453048108,-0.0013851392212889265,0.0030839617024926,0.002300000000000001,0.0045000000000000005,0.0361,0.0478
2005-12-31,0.0061106092473141764,0.010904166352088521,-0.001962367744518197,-0.004200000000000002,0.0235,-0.0025,0.015799999999999998
2006-01-31,5.868768465577346e-05,0.005368716890142633,0.017404522852862786,0.0025000000000000005,-0.0153,0.0304,0.038400000000000004
2006-02-28,0.0005536124729760507,0.0023706756497091533,0.005919398882807082,-0.011000000000000001,0.0204,-0.003,0.0314
2006-03-31,-0.010327266089583896,-0.015466882894104065,0.024520577423603324,0.013500000000000005,-0.057600000000000005,0.0146,0.006999999999999999
2006-04-30,-0.004347397779839136,-0.006791742441391205,0.016536413433310467,0.0023,-0.0283,0.0073,0.0441
2006-05-31,-0.004782344095904225,-0.003828637038793213,0.002000037515812614,-0.003,-0.0033,-0.035699999999999996,-0.0389
2006-06-30,-0.0036159341692841244,0.003047995591637151,-0.0048858992529057805,-0.0053,0.0052,-0.0034999999999999996,-0.0132
2006-07-31,0.009501112034744678,0.009690804573884233,-0.004403097957083461,0.003799999999999998,0.0159,-0.0078000000000000005,0.027899999999999998
2006-08-31,0.01352956318263204,0.01954791259251345,-0.006042744472904677,0.006200000000000001,0.0257,0.0203,0.0223
2006-09-30,0.007196472894872406,0.0077740833450276855,0.0014817385580288044,0.001299999999999999,0.012900000000000002,0.0184,0.0314
2006-10-31,0.005597008898164197,0.008371678083457988,0.004593613736958976,0.004999999999999999,0.0036,0.0323,0.0264
2006-11-30,0.01037597765207894,0.01669082350362066,-0.0024894484949263664,0.0039000000000000007,0.0165,0.0171,0.0045
2006-12-31,-0.007893584786365766,-0.013686295498131575,0.023035397944710517,0.00040000000000000105,-0.0276,0.0087,0.0183
2007-01-31,-0.0014488238559668123,0.0006345903990184899,0.02191415489223411,0.0051,-0.014600000000000002,0.013999999999999999,0.0104
2007-02-28,0.01402534882003165,0.014745946916138175,-0.008057933904911139,-0.004800000000000002,0.0297,-0.0196,-0.0334
2007-03-31,-0.007553844468209595,-0.01881789821476527,0.01045710086935885,-0.008599999999999998,-0.0188,0.0068000000000000005,0.006200000000000001
2007-04-30,0.004196961324592085,0.009094128735690502,0.008801508509574486,0.0055,0.0041,0.0349,0.0646
2007-05-31,-0.009609822479329273,-0.006085451811207098,0.02227782075787172,0.0022000000000000006,-0.0241,0.032400000000000005,0.0198
2007-06-30,-0.011698195484368033,-0.017590222910828644,-0.012192904644340828,-0.0057,-0.0131,-0.0196,-0.047299999999999995
2007-07-31,-0.00970448023257655,-0.021426327461359387,-0.035115140728628036,-0.0316,0.0244,-0.0373,-0.046799999999999994
2007-08-31,0.005969945283975242,0.00703767634704498,-0.0045829958446025896,-0.004700000000000001,0.015700000000000002,0.0092,-0.031
2007-09-30,0.008236119288769276,0.009081334266633805,0.016006370098167987,0.0123,-0.002,0.0322,0.0338
2007-10-31,0.005906542177477426,0.007237920949974108,-0.0022190687489694024,-0.006699999999999999,0.0123,0.018000000000000002,0.026
2007-11-30,-0.0016466883174626205,-0.01650673250847749,-0.03523894064419358,-0.038900000000000004,0.0434,-0.0483,-0.0649
2007-12-31,-0.002352513342499237,-0.005272865532243792,0.003655048353888939,0.0057,-0.0056,-0.0087,-0.059000000000000004
2008-01-31,0.004827181806134324,-0.01059701102271357,-0.03389075425246349,-0.0196,0.0192,-0.0636,-0.0407
2008-02-29,-0.003777669978707346,-0.022135289042867955,-0.012818793574602565,-0.0089,0.0005,-0.030899999999999997,-0.06889999999999999
2008-03-31,-0.012499548009414833,-0.011884374642277842,0.011319848152343331,-0.0165,0.0089,-0.009300000000000001,-0.0256
2008-04-30,0.014808920668979694,0.04406987679109694,0.03968007142784655,0.0379,-0.0306,0.046,0.08360000000000001
2008-05-31,-0.008781468243797838,-0.00240398946094992,0.03271699391119043,-0.011299999999999998,-0.0182,0.018600000000000002,-0.0597
2008-06-30,-0.012500735755242964,-0.02780276050596441,-0.034627933374096184,-0.0281,0.0203,-0.08439999999999999,-0.15410000000000001
2008-07-31,-0.013332572823401986,-0.04319047276692205,-0.006074202405712082,-0.0084,-0.004,-0.0077,0.0842
2008-08-31,0.005601423369725219,-0.0012389449237342372,-0.008710676867358226,-0.0121,0.0229,0.015300000000000001,-0.034600000000000006
2008-09-30,-0.08602874127981448,-0.12285823957050841,0.010293396409698547,-0.0975,0.0097,-0.0924,-0.0268
2008-10-31,-0.07318936105809881,0.01984107047915345,-0.13534032857962974,-0.006699999999999998,-0.0391,-0.1723,-0.2351
2008-11-30,0.0041779912282535105,-0.006847148613341425,-0.2042868562690658,-0.026900000000000007,0.14400000000000002,-0.0786,-0.1802
2008-12-31,0.07520061966050878,0.08926489834145343,-0.05785634945741938,0.059300000000000005,0.0967,0.0174,-0.0543
2009-01-31,0.018220539034083615,0.007317800002475056,0.05269155971258684,0.0175,-0.1124,-0.0812,-0.184
2009-02-28,-0.026413467945736232,-0.07219048779820444,-0.03829023479921607,-0.0252,-0.0057,-0.10099999999999999,-0.1145
2009-03-31,0.00951411880949573,0.002567216855247312,0.04881880292280588,-0.0659,0.0639,0.0895,0.1455
2009-04-30,0.05898150980818442,0.09615067548970181,0.12144333355798669,0.0619,-0.065,0.1018,0.3054
2009-05-31,0.0574161000837242,0.1529232080636457,0.028313237016140125,0.0737,-0.0248,0.0521,0.1684
2009-06-30,0.03141984480442746,0.03349019205530654,0.0032322600703438044,0.0267,0.0082,0.0043,-0.0172
2009-07-31,0.04705913433458878,0.02801799522670668,0.03238506780323576,0.0546,0.0018,0.07719999999999999,0.1351
2009-08-31,0.022504184607855207,0.04470143930211749,0.008708392013329213,0.00040000000000000105,0.023,0.0333,0.1012
2009-09-30,0.030806334112949352,0.055258341983784195,0.05019862289238991,0.0097,0.0175,0.0408,0.024900000000000002
2009-10-31,0.009745460543724646,0.012861671708087241,0.009069112115412304,0.0187,-0.0171,-0.0259,-0.0633
2009-11-30,0.013945182073028334,0.0017904402876230759,0.003763409946961122,-0.016399999999999998,0.0208,0.0556,0.0278
2009-12-31,3.7302106675964194e-05,0.0202615111628049,0.05100596502585584,0.0309,-0.0585,0.0275,-0.0176
2010-01-31,0.018627858485799613,0.01059335287133385,0.003575846875461396,-0.016800000000000002,0.0264,-0.0336,-0.0699
2010-02-28,0.003112558076092832,-9.758115278586388e-05,-0.004293526595595785,0.0006999999999999997,0.0032,0.034,0.0586
2010-03-31,0.008526558826543466,0.026870232078264656,0.022668587517789492,0.0224,-0.018,0.06309999999999999,0.0808
2010-04-30,0.019880982986343464,0.022225664211498557,0.013251421955713626,0.005300000000000003,0.0303,0.02,-0.0146
2010-05-31,-0.009749622148607862,-0.029598393706244164,-0.02831405220252017,-0.0488,0.0436,-0.0789,-0.10980000000000001
2010-06-30,0.01905334427838607,0.01414821606120931,-0.01940070422523911,0.007300000000000001,0.0445,-0.0557,-0.052000000000000005
2010-07-31,0.02153954297619922,0.021649881865911214,0.012796713044857603,0.014600000000000002,0.0023,0.0693,0.13040000000000002
2010-08-31,0.015680544403967912,0.007789402916857031,-0.02680149874170492,-0.022899999999999997,0.0701,-0.04769999999999999,-0.07200000000000001
2010-09-30,0.011264624235980084,0.012428954795915593,0.027086078909269236,0.0008999999999999998,-0.015399999999999999,0.09539999999999998,0.048299999999999996
2010-10-31,0.0067118987038505655,0.00535653398685805,0.03950880743451708,0.0114,-0.0318,0.0388,0.0021000000000000003
2010-11-30,-0.007881936592416115,-0.010485826236281397,0.0031385100970804775,0.008,-0.0138,0.006,-0.0492
2010-12-31,-0.002821292047166358,0.014998001724214177,0.02552821216798285,0.0352,-0.038900000000000004,0.0682,0.0723
2011-01-31,0.007165321724884538,0.0023451492613876003,0.03128744390177517,-0.00020000000000000226,-0.0197,0.0199,0.0511
2011-02-28,0.008827336612146013,0.012855284175312658,0.0051250018516074275,0.004399999999999999,0.0112,0.0349,0.0657
2011-03-31,6.122501934854017e-05,-0.0015059802920180908,0.006722151889392739,-0.0066,-0.0007,0.0046,-0.0448
2011-04-30,0.017506282169399826,0.015104478344991058,-0.00043384813132529994,0.004,0.0199,0.028999999999999998,0.0256
2011-05-31,0.012638501757246337,0.006918240107654997,-0.010381811744589003,-0.009799999999999996,0.0355,-0.0127,-0.0316
2011-06-30,-0.008449386065195245,-0.016122957859559462,-9.09934518591479e-05,-0.003100000000000002,-0.0179,-0.0175,-0.036
2011-07-31,0.021241303086886217,0.007226975481618253,-0.0175627317986779,0.0051,0.0422,-0.0235,-0.0525
2011-08-31,-0.0072231877248707665,-0.021957534767277246,-0.044348557527222096,-0.0622,0.0861,-0.0599,-0.1169
2011-09-30,-0.004111085614596601,-0.006112509426645603,-0.041871342583918905,-0.012900000000000002,0.0704,-0.0759,-0.138
2011-10-31,0.02497828703980368,0.026220918542900096,0.024385593992387506,0.04,-0.0306,0.11349999999999999,0.1214
2011-11-30,-0.018706638880634157,-0.035492343507407466,0.00817277789983739,-0.060700000000000004,0.0251,-0.0028000000000000004,-0.0977
2011-12-31,0.022511235580817364,0.02391289396580721,2.5127177328153902e-05,0.024200000000000003,0.027,0.0074,0.0086
2012-01-31,0.023501629362835917,0.03396939979079979,0.005184992736983567,0.019200000000000002,0.0002,0.050499999999999996,0.1149
2012-02-29,0.010915213851328133,0.017107791306140565,0.014850246806637126,0.0253,-0.0196,0.044199999999999996,0.0722
2012-03-31,-0.0066180343343904095,-0.008453655474851626,0.0009461085237576828,-9.99999999999994e-05,-0.0302,0.0311,0.0502
2012-04-30,0.012717145118440649,0.009020063639316052,-0.007874133769353264,-0.015799999999999998,0.0409,-0.0085,-0.051
2012-05-31,0.003498831744327684,0.0037629133301888143,-0.0178634128228915,-0.029899999999999996,0.0642,-0.061900000000000004,-0.1402
2012-06-30,0.007927518585413316,0.009080433083035706,0.013600752907381778,0.02,-0.0136,0.038900000000000004,0.0586
2012-07-31,0.025916176018967143,0.030687442749345574,-0.023734428754766473,0.0365,0.0247,0.0079,-0.0205
2012-08-31,0.0052606001959252125,0.00765998516591869,0.011641471296321265,-0.0024999999999999996,-0.0069,0.0255,0.059
2012-09-30,0.00793718349689005,0.009451265058677164,0.013368125840258718,0.002,-0.0147,0.0273,0.06849999999999999
2012-10-31,0.00974850837105682,0.01392374919239065,-0.008354984964174396,0.022,-0.0015,-0.0176,0.053899999999999997
2012-11-30,0.00036854867750489134,-0.004786655657278313,0.01067238178247834,-0.0236,0.0143,0.0078000000000000005,0.0206
2012-12-31,0.003562936902593605,0.008983861334289809,0.02284828838752443,0.013999999999999999,-0.0203,0.0118,0.0564
2013-01-31,-0.0032020212358607,-0.004203765368707067,0.027808045674442596,0.001899999999999999,-0.0332,0.0557,0.0853954725858541
2013-02-28,0.006370510139012454,0.0011511757902267343,-0.007181452385132205,-0.002100000000000001,0.0114,0.0129,0.0033336427273702
2013-03-31,0.002451533760520626,-0.0010835915362040868,0.009108170276295973,0.004399999999999999,-0.0062,0.0403,-0.0164226008222859
2013-04-30,0.018107555310356058,0.025136131508243155,-0.0008711068535650441,-0.0029,0.0378,0.0155,0.0440183061396262
2013-05-31,-0.01913105445916853,-0.021286354393302953,0.030247539697802073,0.009299999999999996,-0.0629,0.027999999999999997,0.0753756414415058
2013-06-30,-0.026594702259195392,-0.033661088158602845,-0.0014183258844064572,-0.0086,-0.0285,-0.012,-0.0610579487638877
2013-07-31,0.009036310815840906,0.0074735495325604,0.006537542452462701,0.020399999999999998,-0.0173,0.0565,0.069484959367027
2013-08-31,-0.006175872288476736,-0.005673238335416349,0.0040950997519604805,0.0005000000000000004,-0.0079,-0.0271,-0.0402917907170746
2013-09-30,0.005985567100392206,-0.005971871740611097,-9.112597384275856e-05,-0.0047,0.0061,0.0377,0.0165434676643636
2013-10-31,0.017942717488243092,0.0271722201812027,0.01618150191739089,0.0083,0.0128,0.0418,0.0259803227715238
2013-11-30,-0.000987709169475371,-0.0036454420270899193,0.011293093190469623,0.015,-0.0236,0.0313,0.0406331440308662
2013-12-31,-0.0005415699558724993,0.0039010423147158176,0.009189353752052015,0.0209,-0.0207,0.0281,0.0035853962348055
2014-01-31,0.018121577478578815,0.022207162840617474,-0.016501270343349347,-0.021700000000000004,0.0548,-0.0332,-0.0196704572976212
2014-02-28,0.01190184180619033,0.018522386156874918,0.0020552001015496824,0.009399999999999999,0.0074,0.04650000000000001,0.0124611011155235
2014-03-31,0.00028596206408326215,0.0029084835299802584,0.0008821986122593033,-0.00010000000000000026,0.0063,0.0043,-0.0007089895927017
2014-04-30,0.010952117064450298,0.014743350591861987,-0.006051862339640548,-0.002100000000000001,0.0181,-0.0019,-0.0224951297394145
2014-05-31,0.014564026664256382,0.022142552823986417,0.00213774566289864,-0.0091,0.0279,0.0206,0.0095918622880497
2014-06-30,0.0022858111309698942,0.0027196471888372873,0.006804501009940951,0.0045000000000000005,-0.0025,0.026099999999999998,-0.0098920848354039
2014-07-31,-0.004025785980586979,-0.0038771438384593883,-0.012074399402115032,-0.0033000000000000004,0.0057,-0.0204,0.0266843726822836
2014-08-31,0.014093783932629118,0.013082407325947967,-0.009394631444994549,-0.0013000000000000025,0.0369,0.0424,0.0290374865902194
2014-09-30,-0.01476356508423635,-0.026437708958579904,-0.010492802172962386,-0.010099999999999998,-0.017,-0.0197,0.0087583168616691
2014-10-31,0.00917331408519967,-0.0022323150548969064,-0.009411004276782119,-0.0075,0.03,0.0252,0.0117239527915213
2014-11-30,0.004109813118873177,-0.002205581278778032,-0.017479898210214596,-0.011300000000000001,0.0286,0.0255,0.01135951265291
2014-12-31,-0.0021477726759924704,-0.003004147695861427,-0.024445133412966967,-0.010700000000000001,0.029,-0.0006,-0.0030062927687959
2015-01-31,0.026256318899295538,0.03734079181298159,-0.024722926150494498,-0.011000000000000003,0.0709,-0.0311,-0.0959606806586765
2015-02-28,-0.003647707297139564,-0.0027243135968414074,0.04357354159091299,0.0203,-0.0523,0.0613,0.0777326401339084
2015-03-31,0.0012764692606585047,-0.01109486296957015,-0.0032154498493729327,-0.0079,0.0137,-0.011200000000000002,0.0017223796986636
2015-04-30,-0.003946864617363036,-0.013834192568895398,0.020624360850179276,0.002700000000000001,-0.025,0.0059,0.0430683292415012
2015-05-31,-0.00502057339480925,-0.018193640983245475,0.00011672572583707862,-0.0045000000000000005,-0.0159,0.013600000000000001,0.0222119441345696
2015-06-30,-0.018168463226180112,-0.04306433416432858,-0.00894211531695219,-0.0022000000000000006,-0.0298,-0.015300000000000001,-0.0049334602618641
2015-07-31,0.002188531009199071,-0.016713245353528187,-0.029230418088003522,-0.008999999999999998,0.0329,0.0154,0.0409048406656897
2015-08-31,-0.009746986921405625,-0.03180806829836317,-0.015506408659517867,-0.0079,0.0012,-0.0604,-0.0742524823403004
2015-09-30,0.000985964842477989,-0.01981222166019233,-0.043236142992776505,-0.0040999999999999995,0.0174,-0.030699999999999998,-0.0540999343209862
2015-10-31,0.008658471276319918,0.009135598901824808,0.022533770940130378,0.0073,-0.0053,0.0775,0.0561857757360388
2015-11-30,-0.006726763834262762,-0.025467597206788317,-0.031223597293258007,0.0085,-0.0065,0.005600000000000001,0.0115741670365274
2015-12-31,-0.015524509748692458,-0.04800169203844069,-0.032046002884655624,0.0022,-0.0023,-0.0217,-0.0263376402713797
2016-01-31,-0.0028614763558875026,-0.04202978152534986,-0.03190006156780703,-0.040900000000000006,0.0475,-0.057699999999999994,-0.1102178561819204
2016-02-29,0.006879597619081646,0.018137606866828686,-0.013448883412852525,-0.006200000000000001,0.0292,-0.0007000000000000001,-0.08429906865222771
2016-03-31,0.04038798974506161,0.09794448236800987,0.0456113597843634,0.0426,-0.0005,0.0696,0.0418365930458077
2016-04-30,0.022635352040646702,0.052759369707898206,0.03227698424658004,0.0199,-0.0054,0.0091,0.0638524950199554
2016-05-31,0.0021295599282367002,0.005960149420050581,0.013179395187408202,-0.006600000000000001,0.008100000000000001,0.0178,0.018677197132690202
2016-06-30,0.021898064618141967,0.039388675091287725,-0.009206497035554923,-0.0213,0.0588,-0.0005,-0.08077795334260951
2016-07-31,0.01595059443173738,0.027121167457072166,0.00872205023806718,0.0164,0.007899999999999999,0.0395,0.061149273440944604
2016-08-31,0.00558603789435832,0.017681174789283452,0.020971085577518984,0.015600000000000001,-0.0142,0.0049,0.07691222232928989
2016-09-30,-0.0011253205360134302,-0.0039440590352486675,0.014779718537961308,0.0004999999999999987,-0.0126,0.0025,-0.0322193482873853
2016-10-31,-0.007608738133883023,-0.008226290938880967,0.014935121402718037,0.005099999999999997,-0.031599999999999996,-0.0202,0.0624238976693098
2016-11-30,-0.023683074150123593,-0.031849609026988454,0.021204161923519406,0.008900000000000005,-0.060000000000000005,0.048600000000000004,0.13440943628343002
2016-12-31,0.008169610307794568,0.021826163592030358,0.01617907044836425,0.0116,-0.006,0.0181,0.0578160875343176
2017-01-31,0.0042148360750523944,0.009886003515342311,0.009041258048419506,-0.0063999999999999994,0.0039,0.0194,0.0074949939890871
2017-02-28,0.010975933030903964,0.01402227263902106,0.00021855577163438624,0.0075,0.013300000000000001,0.035699999999999996,0.034665334271916405
2017-03-31,-0.002796460338599641,-0.009388529752664689,0.0006411463942967627,-0.0021999999999999997,-0.0043,0.0017000000000000001,-0.0138988212647133
2017-04-30,0.009770050455416289,0.011415788374314527,0.00031162968849868,0.0031000000000000003,0.014,0.0109,-0.007280266923697499
2017-05-31,0.01083111446076045,0.015460268307581912,-0.004838676332341488,0.006799999999999997,0.015200000000000002,0.0106,-0.0214169140438573
2017-06-30,0.0012727286275596383,0.0006907896701744125,-0.0022258387662751895,0.011800000000000001,-0.0015999999999999999,0.0078000000000000005,0.059918886097195596
2017-07-31,0.006868411162461615,0.005856759195490971,0.0029318705101330726,0.0087,-0.0034000000000000002,0.0187,0.0108513095661001
2017-08-31,0.0061338203844071215,0.006094853065779833,-0.011085086771750855,-0.0136,0.027999999999999997,0.0016,-0.018498759442255402
2017-09-30,-0.001530675432393181,0.00019327607757657628,0.01292880035618043,0.016800000000000002,-0.021400000000000002,0.025099999999999997,0.0535355583403901
2017-10-31,0.002965062293139732,0.0065815822256388035,-0.0027562168398411143,0.0089,-0.0021999999999999997,0.0225,0.0333992113159301
2017-11-30,-0.0027223190969376896,0.001239416020931395,-0.002232974705046716,-0.0015999999999999999,0.0028,0.031200000000000002,0.0160247992910286
2017-12-31,0.007954637532517794,0.017281826928633854,-0.00854354522321487,0.0154,0.009300000000000001,0.0106,0.027478197260927997
2018-01-31,-0.00822001104054704,0.0009840836378980319,0.02252034993520722,0.0072000000000000015,-0.0326,0.0558,0.052361332332520806
2018-02-28,-0.015695158928936297,-0.02214346824052842,0.0167827631823034,-0.008900000000000002,-0.0235,-0.0365,-0.0293914526781374
2018-03-31,0.00038477612838771434,0.0029703578342241493,-0.009213221789677414,-0.0135,0.0247,-0.0235,-0.0600023634997846
2018-04-30,-0.00820614877282826,-0.010222455423720847,0.015246644536255537,-0.0023,-0.0191,0.0029,0.006946013765944699
2018-05-31,0.003945962823908463,0.00215245221137914,-0.006578447146298615,-0.002400000000000001,0.015000000000000001,0.0265,-0.0187667160250597
2018-06-30,-0.00663859760123347,-0.010144007571995033,0.00912638708983312,-0.013099999999999999,-0.0007,0.0048,-0.0129659787548474
2018-07-31,0.006776609428047196,0.012300466418717244,0.005343259386226628,0.0232,-0.014700000000000001,0.0319,0.0621639617293173
2018-08-31,0.004438646399230996,-0.0011445197514049427,0.00048280108830666026,-0.0094,0.0136,0.0344,-0.0156265029204668
2018-09-30,-0.0038436257940570326,-0.0023782793077077586,0.011917499204703589,0.0398,-0.0533,0.0006,-0.0219633519948302
2018-10-31,-0.01689727995967809,-0.033317571602823025,0.002614527681608436,-0.0119,-0.0223,-0.0768,-0.0466385682446389
2018-11-30,-0.00420301202491824,-0.013706879732731051,-0.00992315085717826,-0.0434,0.0487,0.0169,0.0015975495924889001
2018-12-31,0.009135272693550075,0.0029151863641118324,-0.04196384838880437,-0.011099999999999999,0.0462,-0.0955,-0.1075936711086942
2019-01-31,0.022784960918032438,0.031216034258277087,0.02458343005681172,0.0197,0.005900000000000001,0.08410000000000001,0.0902025443285194
2019-02-28,0.0024256308980347024,1.7763361494479817e-05,0.010499863573424272,0.0017000000000000001,-0.0109,0.034,0.013000537321070201
2019-03-31,0.02236478480907357,0.02719290689627938,-0.019874442079355695,0.0038000000000000048,0.0428,0.011000000000000001,-0.031956870577967
2019-04-30,0.003725531450220301,0.008131583865083766,0.010443545339967008,0.0037,-0.0147,0.0397,0.0891004369805052
2019-05-31,0.01027089197669813,0.006802973347663319,-0.025788303849164255,-0.015399999999999997,0.0509,-0.0694,-0.0935614349783203
2019-06-30,0.021496833887423995,0.02760737992153755,-0.0034681577423395617,0.0233,0.0086,0.0693,0.056488308339173995
2019-07-31,0.004371990587121248,0.011456039365431244,-7.626840647265642e-05,0.006,0.0004999999999999998,0.011899999999999999,0.0232245971473002
2019-08-31,0.02658624554203847,0.032501914258442885,-0.034616434814249614,-0.005899999999999989,0.07809999999999999,-0.0258,-0.0602894876550269
2019-09-30,-0.007804696880772602,-0.012407271676791457,0.016680390630404766,0.0001999999999999988,-0.020999999999999998,0.0143,0.0681117995345204
2019-10-31,0.003987420880088731,-0.0011112039765221679,-0.0020143383135517922,0.0058,-0.006699999999999999,0.0207,0.032659292799234
2019-11-30,0.0014885456597199937,0.005702898978129627,0.0037245931923422476,0.0073,-0.0070999999999999995,0.0387,0.047532448203361
2019-12-31,0.003291501775242692,0.010268783557927744,0.020195084304256428,0.016399999999999998,-0.026699999999999998,0.0277,0.0262749364741482
2020-01-31,0.019995477378109458,0.02158255745821313,-0.025265418449504605,-0.011300000000000004,0.061900000000000004,-0.001,-0.045041287500318106
2020-02-29,0.008723009943762267,-0.003739005642228878,-0.031073265883095398,-0.030799999999999998,0.0576,-0.08130000000000001,-0.11109172952815871
2020-03-31,-0.08067006391259804,-0.10618375625687156,-0.08396518240340417,-0.09759999999999999,0.0613,-0.1338,-0.2252257657239014
2020-04-30,0.06162403739699278,0.060784573635470615,-0.00703582966522487,0.026500000000000003,0.0082,0.1365,0.062277719139707
2020-05-31,0.02212139098070333,0.021198290925341423,0.040357728963818396,0.018099999999999998,-0.0098,0.0558,0.0079266210516746
2020-06-30,0.01875653555962427,0.01915404910119648,0.00630406720752266,0.0123,0.0022,0.0246,0.019030640689922
2020-07-31,0.036034578379416725,0.06102478309688414,0.00956327889125042,0.032299999999999995,0.0286,0.057699999999999994,1.7500231080199997e-05
2020-08-31,-0.011064844208944446,-0.023347831769240934,0.036372043875862015,-0.013900000000000003,-0.035,0.07629999999999999,0.044325935906604594
2020-09-30,-0.003735218935523109,-0.00808332214769579,-0.013426026931064705,-0.0039,0.0079,-0.0363,-0.06423670064727251
2020-10-31,-0.0020306135417371696,-0.0008230015464924016,0.009120754534690741,0.004800000000000002,-0.0239,-0.021,0.0014649683166201
2020-11-30,0.03028209420029241,0.06392881651514783,0.020984877399283446,0.0416,0.0092,0.1247,0.2238130034891445
2020-12-31,0.006157529204754077,0.012822853732334372,0.01907937533690073,0.0115,-0.0116,0.0463,0.0622711915370228
2021-01-31,-0.011932759121469419,-0.020301709398498756,0.022676708404269594,-0.0026999999999999975,-0.0304,-0.0003,-0.0055742829852113
2021-02-28,-0.017987545149414357,-0.024051979108712478,0.029420468049403885,0.0179,-0.0581,0.0278,0.1378783443150797
2021-03-31,-0.013140228670988706,-0.021220255636946777,0.015063460038061893,-0.0008000000000000021,-0.0322,0.0308,0.0575200199598673
2021-04-30,0.01316533944977058,0.01958196900909489,0.0010208315641689419,-0.0016000000000000007,0.0238,0.0493,0.0390652386651895
2021-05-31,0.006454749158767296,0.007067023592997523,-0.0038794048183503536,0.004399999999999999,0.0001,0.0029,0.062456604822604
2021-06-30,0.01855090656985728,0.03850519056284728,-0.004250364591327678,0.0158,0.0284,0.0275,-0.0317718792341462
2021-07-31,0.01221650423995298,0.014878306138669476,-0.009650841062097602,-0.006599999999999998,0.0305,0.0127,-0.0208805238045681
2021-08-31,-0.0021373706737879148,-0.0028020320029684942,0.010024719145342708,-0.0009999999999999996,-0.0035,0.0291,0.047480992536421
2021-09-30,-0.009999641648321775,-0.01234550437472071,0.012740476371748344,0.005600000000000001,-0.025,-0.0437,0.0006333095763095
