,cusip,date,bond_ret_truncated,bond_ret_ice,bond_ret_trace,true_bond_ret
0,087509AJ4,2002-07-31,1.0,,1.1445048502632111,1.1445048502632111
1,967446AA3,2002-07-31,1.0,,1.196437728866325,1.196437728866325
2,969455AA2,2002-07-31,1.0,,1.5587142489521761,1.5587142489521761
3,156503AF1,2002-08-31,1.0,,1.0767388675577783,1.0767388675577783
4,156503AH7,2002-08-31,1.0,,1.2384976216280217,1.2384976216280217
5,171794AF7,2002-08-31,1.0,0.04211,1.2848688933395687,0.04211
6,313549AM9,2002-08-31,1.0,,1.8457694484265337,1.8457694484265337
7,482584AM1,2002-08-31,1.0,,1.5832432217611865,1.5832432217611865
8,482584AP4,2002-08-31,1.0,,1.0004379706113835,1.0004379706113835
9,501813AA7,2002-08-31,1.0,0.87899,1.7370189132421627,0.87899
10,629377AG7,2002-08-31,1.0,0.17463,6.551832068900871,0.17463
11,501813AA7,2002-09-30,1.0,0.22328,1.9874013838920477,0.22328
12,66649PAC6,2002-09-30,1.0,-0.07607,4.935149742963582,-0.07607
13,695629CG8,2002-09-30,1.0,0.03396,1.1182554729762668,0.03396
14,858903AB3,2002-09-30,1.0,,3.8422852348013756,3.8422852348013756
15,629377AL6,2002-10-31,1.0,-0.27208,1.035303355856041,-0.27208
16,293561BX3,2002-11-30,1.0,,1.767038645417272,1.767038645417272
17,458801AR8,2002-11-30,1.0,,1.36464266036073,1.36464266036073
18,605288AA7,2002-11-30,1.0,,1.1176114657785123,1.1176114657785123
19,00130HAK1,2002-12-31,1.0,0.71274,1.151046018013669,0.71274
20,269514AB1,2002-12-31,1.0,,1.2650727155428225,1.2650727155428225
21,293561AY2,2002-12-31,1.0,,1.9952452435055918,1.9952452435055918
22,293561BM7,2002-12-31,1.0,,2.283153507587629,2.283153507587629
23,761327AA3,2002-12-31,1.0,,2.809580560694684,2.809580560694684
24,48258HBD1,2003-01-31,1.0,,1.0422966622909482,1.0422966622909482
25,54946EAD5,2003-01-31,1.0,,1.5636480417653678,1.5636480417653678
26,552673AU9,2003-01-31,1.0,,1.6024096277577957,1.6024096277577957
27,88033GAF7,2003-01-31,1.0,,7.510163861597049,7.510163861597049
28,124845AF5,2003-03-31,1.0,,4.109003703180743,4.109003703180743
29,293561CB0,2003-03-31,1.0,,1.491903809392708,1.491903809392708
30,001765AC0,2003-04-30,1.0,,1.2332425169870092,1.2332425169870092
31,001765AE6,2003-04-30,1.0,0.88012,2.8898262990618684,0.88012
32,001765AK2,2003-04-30,1.0,,1.9072135940703883,1.9072135940703883
33,001765AP1,2003-04-30,1.0,,2.577313180348985,2.577313180348985
34,001765AQ9,2003-04-30,1.0,0.73084,1.6634973451700903,0.73084
35,001765AU0,2003-04-30,1.0,1.00978,1.116833332952912,1.00978
36,00176LCT6,2003-04-30,1.0,,1.5757714920081376,1.5757714920081376
37,50375KAC1,2003-04-30,1.0,,1.4891422309826572,1.4891422309826572
38,731095AF2,2003-04-30,1.0,,1.4827425641939602,1.4827425641939602
39,119003AF8,2003-05-31,1.0,,1.8613735871048775,1.8613735871048775
40,462691AB2,2003-05-31,1.0,,2.584343983499295,2.584343983499295
41,049164AC0,2003-09-30,1.0,1.1707299999999998,1.2984212728718694,1.1707299999999998
42,049164AP1,2003-09-30,1.0,,1.0719649630188728,1.0719649630188728
43,635847AB2,2003-09-30,1.0,,1.0344229339907247,1.0344229339907247
44,635847AE6,2003-09-30,1.0,,1.1971428606112278,1.1971428606112278
45,233343AB8,2003-10-31,1.0,,1.1430581660065242,1.1430581660065242
46,817587AC2,2003-10-31,1.0,,-0.02806533241613082,-0.02806533241613082
47,918005AU3,2003-12-31,1.0,,1.4112551269205176,1.4112551269205176
48,482584AC3,2004-08-31,1.0,,1.5593978292484578,1.5593978292484578
49,835415AG5,2004-08-31,1.0,0.028900000000000002,6.065578267540303,0.028900000000000002
50,45734SAA4,2004-09-30,1.0,-0.04167,1.0495796552052559,-0.04167
51,695112AE2,2004-10-31,1.0,0.00779,5.346105056600441,0.00779
52,909279AX9,2005-06-30,1.0,,1.7884635134045515,1.7884635134045515
53,247361WH7,2005-09-30,1.0,-0.10808999999999999,1.90123067245583,-0.10808999999999999
54,344126AG2,2006-04-30,1.0,,1.1837411050095723,1.1837411050095723
55,247361WH7,2006-09-30,1.0,,1.1508078605662253,1.1508078605662253
56,36186CAD5,2006-12-31,1.0,-0.00931,3.5196014426567404,-0.00931
57,36186CAE3,2007-07-31,1.0,-0.04887,1.123379381182667,-0.04887
58,36186CAD5,2008-05-31,1.0,-0.01352,2.909570016722782,-0.01352
59,93933WAC0,2008-09-30,1.0,-0.998,-0.9782389279394998,-0.998
60,337363AE5,2008-10-31,1.0,0.16688,1.554576845244934,0.16688
61,37042GZE9,2008-10-31,1.0,,1.0408750212552587,1.0408750212552587
62,3704A0AC6,2008-10-31,1.0,,1.013376667321943,1.013376667321943
63,52517P2S9,2008-10-31,1.0,,1.783526131842382,1.783526131842382
64,634902JZ4,2008-10-31,1.0,,1.2389669045717024,1.2389669045717024
65,634902LJ7,2008-10-31,1.0,0.45372999999999997,1.0224528455591746,0.45372999999999997
66,63534PAB3,2008-10-31,1.0,0.50742,1.3025261404420228,0.50742
67,63534PAC1,2008-10-31,1.0,0.7736799999999999,1.5803782808812488,0.7736799999999999
68,63536SAA7,2008-10-31,1.0,1.08777,1.7197912105861242,1.08777
69,63537QAA0,2008-10-31,1.0,,1.8061380574948367,1.8061380574948367
70,929903AM4,2008-10-31,1.0,0.38027,1.0114114047642617,0.38027
71,939322AN3,2008-10-31,1.0,0.40909,3.7908389130211693,0.40909
72,939322AY9,2008-10-31,1.0,0.40909,3.1431956314209493,0.40909
73,552845AG4,2008-11-30,1.0,,1.8675782614926033,1.8675782614926033
74,34539CJW3,2008-12-31,1.0,,1.0580792605241545,1.0580792605241545
75,34539CMJ8,2008-12-31,1.0,,2.069829077388305,2.069829077388305
76,34539CSA1,2008-12-31,1.0,,1.1064035857821866,1.1064035857821866
77,34539CUN0,2008-12-31,1.0,,1.255705367974182,1.255705367974182
78,34539CUV2,2008-12-31,1.0,,1.0438303312998534,1.0438303312998534
79,34539CVW9,2008-12-31,1.0,,1.1848310171937195,1.1848310171937195
80,34539CXM9,2008-12-31,1.0,,1.3254938432386367,1.3254938432386367
81,34539CZG0,2008-12-31,1.0,,1.8931994365637708,1.8931994365637708
82,345402L41,2008-12-31,1.0,,1.5342528756076086,1.5342528756076086
83,345402T35,2008-12-31,1.0,,1.986226113757509,1.986226113757509
84,345402U33,2008-12-31,1.0,,1.1018878731860133,1.1018878731860133
85,345402Z87,2008-12-31,1.0,,1.1998674715656146,1.1998674715656146
86,36186CAC7,2008-12-31,1.0,1.18001,1.7208667107614544,1.18001
87,36186CAF0,2008-12-31,1.0,1.15089,1.134728360944551,1.15089
88,36186CAH6,2008-12-31,1.0,1.20387,1.1839307631533733,1.20387
89,370425RX0,2008-12-31,1.0,1.08114,1.2387490241253865,1.08114
90,370425RZ5,2008-12-31,1.0,1.2192,1.2118675014880964,1.2192
91,370425SC5,2008-12-31,1.0,1.16876,1.155519286004905,1.16876
92,370425SE1,2008-12-31,1.0,1.12538,1.0533348525898385,1.12538
93,370425SL5,2008-12-31,1.0,1.12134,1.0735513367786156,1.12134
94,37042F3N6,2008-12-31,1.0,,2.512995116137623,2.512995116137623
95,37042F3P1,2008-12-31,1.0,,1.8209485232426117,1.8209485232426117
96,37042F5B0,2008-12-31,1.0,,1.4460397467331092,1.4460397467331092
97,37042FB80,2008-12-31,1.0,,1.4198496194098016,1.4198496194098016
98,37042FE79,2008-12-31,1.0,,1.3362008583844562,1.3362008583844562
99,37042FJ74,2008-12-31,1.0,,1.043002326027883,1.043002326027883
100,37042FL30,2008-12-31,1.0,,1.0919500100416768,1.0919500100416768
101,37042FN38,2008-12-31,1.0,,1.9742844308885903,1.9742844308885903
102,37042FR34,2008-12-31,1.0,,1.6322542993351588,1.6322542993351588
103,37042FZY7,2008-12-31,1.0,,1.6051070487554606,1.6051070487554606
104,37042G2E5,2008-12-31,1.0,,2.11636237334454,2.11636237334454
105,37042G2F2,2008-12-31,1.0,,1.963351202950872,1.963351202950872
106,37042G2M7,2008-12-31,1.0,,1.7737880631323157,1.7737880631323157
107,37042G2T2,2008-12-31,1.0,,1.1102826134305144,1.1102826134305144
108,37042G2Z8,2008-12-31,1.0,,2.1051288097503034,2.1051288097503034
109,37042G3F1,2008-12-31,1.0,,1.443756707835632,1.443756707835632
110,37042G3L8,2008-12-31,1.0,,1.7045291557673605,1.7045291557673605
111,37042G3T1,2008-12-31,1.0,,1.973088695977025,1.973088695977025
112,37042G4E3,2008-12-31,1.0,,1.5647636779665415,1.5647636779665415
113,37042G4S2,2008-12-31,1.0,,2.2072280853360366,2.2072280853360366
114,37042G4T0,2008-12-31,1.0,,1.3752113725725652,1.3752113725725652
115,37042G4Z6,2008-12-31,1.0,,2.14142026004196,2.14142026004196
116,37042G5F9,2008-12-31,1.0,,2.443492260287971,2.443492260287971
117,37042G5R3,2008-12-31,1.0,,1.3689215169363176,1.3689215169363176
118,37042G6C5,2008-12-31,1.0,,2.09216150211424,2.09216150211424
119,37042G6J0,2008-12-31,1.0,,1.2000879029986085,1.2000879029986085
120,37042G6Q4,2008-12-31,1.0,,1.9960569041270524,1.9960569041270524
121,37042G7C4,2008-12-31,1.0,,2.9023975452486437,2.9023975452486437
122,37042G7J9,2008-12-31,1.0,,1.6283798899583353,1.6283798899583353
123,37042GC38,2008-12-31,1.0,,2.037397885106623,2.037397885106623
124,37042GC79,2008-12-31,1.0,,1.9781218099170932,1.9781218099170932
125,37042GC87,2008-12-31,1.0,,1.6294907688710913,1.6294907688710913
126,37042GD45,2008-12-31,1.0,,2.2816347315038454,2.2816347315038454
127,37042GD52,2008-12-31,1.0,,2.7080061439667946,2.7080061439667946
128,37042GE28,2008-12-31,1.0,,1.8653290887358849,1.8653290887358849
129,37042GE85,2008-12-31,1.0,,2.397890671947126,2.397890671947126
130,37042GE93,2008-12-31,1.0,,1.586399274353145,1.586399274353145
131,37042GF68,2008-12-31,1.0,,2.3652315790032277,2.3652315790032277
132,37042GF76,2008-12-31,1.0,,1.3281383890347191,1.3281383890347191
133,37042GG59,2008-12-31,1.0,,1.9570386592330686,1.9570386592330686
134,37042GH25,2008-12-31,1.0,,1.9528258436172448,1.9528258436172448
135,37042GH33,2008-12-31,1.0,,1.9636076162101184,1.9636076162101184
136,37042GH90,2008-12-31,1.0,,2.7502237134969647,2.7502237134969647
137,37042GJ64,2008-12-31,1.0,,1.8642706818513122,1.8642706818513122
138,37042GJ72,2008-12-31,1.0,,1.4192182093115602,1.4192182093115602
139,37042GJW7,2008-12-31,1.0,,1.13053650989046,1.13053650989046
140,37042GK54,2008-12-31,1.0,,1.419398423616594,1.419398423616594
141,37042GL38,2008-12-31,1.0,,2.9585040315324127,2.9585040315324127
142,37042GL87,2008-12-31,1.0,,1.9825953226808217,1.9825953226808217
143,37042GM78,2008-12-31,1.0,,1.1330058352389833,1.1330058352389833
144,37042GN51,2008-12-31,1.0,,1.8178525156296443,1.8178525156296443
145,37042GP83,2008-12-31,1.0,,1.8221680670039013,1.8221680670039013
146,37042GP91,2008-12-31,1.0,,1.8938433385605924,1.8938433385605924
147,37042GPR1,2008-12-31,1.0,,2.053728549255225,2.053728549255225
148,37042GPX8,2008-12-31,1.0,,2.327344668479075,2.327344668479075
149,37042GQ74,2008-12-31,1.0,,1.8547721099850094,1.8547721099850094
150,37042GQD1,2008-12-31,1.0,,2.186413000430207,2.186413000430207
151,37042GQR0,2008-12-31,1.0,,2.9325941497851877,2.9325941497851877
152,37042GR40,2008-12-31,1.0,,2.0113584183604725,2.0113584183604725
153,37042GR57,2008-12-31,1.0,,2.0706393606133022,2.0706393606133022
154,37042GRQ1,2008-12-31,1.0,,2.045724566504341,2.045724566504341
155,37042GRV0,2008-12-31,1.0,,1.482372928608443,1.482372928608443
156,37042GS56,2008-12-31,1.0,,2.293003181035466,2.293003181035466
157,37042GS64,2008-12-31,1.0,,1.9205700578267217,1.9205700578267217
158,37042GSA5,2008-12-31,1.0,,1.880968515051706,1.880968515051706
159,37042GSG2,2008-12-31,1.0,,2.1167870108562497,2.1167870108562497
160,37042GSN7,2008-12-31,1.0,,2.2543880424463834,2.2543880424463834
161,37042GT30,2008-12-31,1.0,,2.215466374192365,2.215466374192365
162,37042GT48,2008-12-31,1.0,,2.1230948703149415,2.1230948703149415
163,37042GT97,2008-12-31,1.0,,1.229773056631809,1.229773056631809
164,37042GTA4,2008-12-31,1.0,,1.3331370503021263,1.3331370503021263
165,37042GTG1,2008-12-31,1.0,,1.7845337878865408,1.7845337878865408
166,37042GU20,2008-12-31,1.0,,2.2939510675727575,2.2939510675727575
167,37042GV52,2008-12-31,1.0,,1.2114494493661685,1.2114494493661685
168,37042GW28,2008-12-31,1.0,,2.0358872856399715,2.0358872856399715
169,37042GW36,2008-12-31,1.0,,1.0504443052783865,1.0504443052783865
170,37042GY59,2008-12-31,1.0,,1.723528150272847,1.723528150272847
171,37042GYP5,2008-12-31,1.0,,1.7776152502218467,1.7776152502218467
172,37042GYT7,2008-12-31,1.0,,2.0750718904677674,2.0750718904677674
173,37042GYU4,2008-12-31,1.0,,1.0548195792205148,1.0548195792205148
174,37042GZ25,2008-12-31,1.0,,1.5656158139554082,1.5656158139554082
175,37042GZ33,2008-12-31,1.0,,1.9034896593893376,1.9034896593893376
176,37042GZ82,2008-12-31,1.0,,1.88391871851348,1.88391871851348
177,37042GZE9,2008-12-31,1.0,,1.339270210217227,1.339270210217227
178,37042GZK5,2008-12-31,1.0,,1.8811955936467544,1.8811955936467544
179,37042WSY8,2008-12-31,1.0,,2.6312576530142495,2.6312576530142495
180,3704A0A36,2008-12-31,1.0,,1.4732759088464809,1.4732759088464809
181,3704A0AJ1,2008-12-31,1.0,,2.4359788858371765,2.4359788858371765
182,3704A0AQ5,2008-12-31,1.0,,1.099261801592043,1.099261801592043
183,3704A0AW2,2008-12-31,1.0,,1.644963875123797,1.644963875123797
184,3704A0BC5,2008-12-31,1.0,,2.4319023389373493,2.4319023389373493
185,3704A0BJ0,2008-12-31,1.0,,1.4175099045824555,1.4175099045824555
186,3704A0BY7,2008-12-31,1.0,,1.321478525547455,1.321478525547455
187,3704A0CE0,2008-12-31,1.0,,2.2953361189387724,2.2953361189387724
188,3704A0CM2,2008-12-31,1.0,,1.7354000998322523,1.7354000998322523
189,3704A0CN0,2008-12-31,1.0,,1.5971897564677922,1.5971897564677922
190,3704A0DB5,2008-12-31,1.0,,2.9158345098485876,2.9158345098485876
191,3704A0DR0,2008-12-31,1.0,,2.29278361926717,2.29278361926717
192,3704A0DS8,2008-12-31,1.0,,1.0501314601187899,1.0501314601187899
193,3704A0DY5,2008-12-31,1.0,,1.6409693068779998,1.6409693068779998
194,3704A0DZ2,2008-12-31,1.0,,1.3996657305204858,1.3996657305204858
195,3704A0EG3,2008-12-31,1.0,,2.0485472005067558,2.0485472005067558
196,3704A0EU2,2008-12-31,1.0,,1.3052609406115407,1.3052609406115407
197,3704A0FB3,2008-12-31,1.0,,1.3232144876425305,1.3232144876425305
198,3704A0FY3,2008-12-31,1.0,,1.3132756964022083,1.3132756964022083
199,3704A0GF3,2008-12-31,1.0,,1.0334456011091062,1.0334456011091062
200,3704A0GN6,2008-12-31,1.0,,2.379275385235293,2.379275385235293
201,3704A0GV8,2008-12-31,1.0,,1.1973528611439488,1.1973528611439488
202,3704A0HC9,2008-12-31,1.0,,1.5723326897188716,1.5723326897188716
203,3704A0HK1,2008-12-31,1.0,,2.209515805937638,2.209515805937638
204,3704A0HS4,2008-12-31,1.0,,1.340139431177482,1.340139431177482
205,3704A0HW5,2008-12-31,1.0,,1.4561136929667855,1.4561136929667855
206,3704A0HZ8,2008-12-31,1.0,,1.8231938549855304,1.8231938549855304
207,3704A0JD5,2008-12-31,1.0,,1.6818415742409492,1.6818415742409492
208,3704A0JG8,2008-12-31,1.0,,1.1833297041745965,1.1833297041745965
209,3704A0JP8,2008-12-31,1.0,,1.5185320426291036,1.5185320426291036
210,3704A0JT0,2008-12-31,1.0,,1.3787472213687728,1.3787472213687728
211,3704A0JW3,2008-12-31,1.0,,2.739048986245252,2.739048986245252
212,3704A0KD3,2008-12-31,1.0,,2.881000336084332,2.881000336084332
213,3704A0KL5,2008-12-31,1.0,,1.7123064230838902,1.7123064230838902
214,3704A0KQ4,2008-12-31,1.0,,1.2398341595413918,1.2398341595413918
215,3704A0KT8,2008-12-31,1.0,,2.177560496131863,2.177560496131863
216,3704A0LE0,2008-12-31,1.0,,1.5937776538672994,1.5937776538672994
217,3704A0LH3,2008-12-31,1.0,,1.8562968260988364,1.8562968260988364
218,3704A0LM2,2008-12-31,1.0,,1.9209351658390112,1.9209351658390112
219,3704A0MJ8,2008-12-31,1.0,,1.361612279270056,1.361612279270056
220,3704A0MM1,2008-12-31,1.0,,1.1181857061486329,1.1181857061486329
221,3704A0MR0,2008-12-31,1.0,,1.3885101315531876,1.3885101315531876
222,3704A0ND0,2008-12-31,1.0,,1.4888359296668887,1.4888359296668887
223,3704A0NL2,2008-12-31,1.0,,1.3884041916002863,1.3884041916002863
224,3704A0NT5,2008-12-31,1.0,,1.1396689144142782,1.1396689144142782
225,3704A0PA4,2008-12-31,1.0,,1.1244725546809755,1.1244725546809755
226,3704A0QA3,2008-12-31,1.0,,1.8705690017486223,1.8705690017486223
227,3704A0QE5,2008-12-31,1.0,,1.188439098384185,1.188439098384185
228,3704A0QH8,2008-12-31,1.0,,2.217504829456118,2.217504829456118
229,3704A0QM7,2008-12-31,1.0,,1.4231348311336935,1.4231348311336935
230,3704A0QQ8,2008-12-31,1.0,,2.3969688000498053,2.3969688000498053
231,3704A0RJ3,2008-12-31,1.0,,1.4433828112776281,1.4433828112776281
232,3704A0RM6,2008-12-31,1.0,,2.61454155860669,2.61454155860669
233,3704A0RR5,2008-12-31,1.0,,1.1688494822402942,1.1688494822402942
234,3704A0RY0,2008-12-31,1.0,,1.449903767555584,1.449903767555584
235,3704A0SB9,2008-12-31,1.0,,1.9339861441470991,1.9339861441470991
236,3704A0SJ2,2008-12-31,1.0,,1.5563117383401042,1.5563117383401042
237,3704A0SN3,2008-12-31,1.0,,1.1044427020961978,1.1044427020961978
238,3704A0SY9,2008-12-31,1.0,,1.4086834853837653,1.4086834853837653
239,3704A0TC6,2008-12-31,1.0,,1.1818729877136949,1.1818729877136949
240,3704A0TN2,2008-12-31,1.0,,2.3302840505766795,2.3302840505766795
241,3704A0TV4,2008-12-31,1.0,,1.5683833558186846,1.5683833558186846
242,3704A0UC4,2008-12-31,1.0,,1.4316644108744978,1.4316644108744978
243,3704A0UK6,2008-12-31,1.0,,2.5198856673631944,2.5198856673631944
244,3704A0VB5,2008-12-31,1.0,,1.3017728397944783,1.3017728397944783
245,3704A0VE9,2008-12-31,1.0,,1.157828911706159,1.157828911706159
246,3704A0VJ8,2008-12-31,1.0,,1.6196263452984894,1.6196263452984894
247,3704A0VP4,2008-12-31,1.0,,2.4450314899448555,2.4450314899448555
248,3704A0VS8,2008-12-31,1.0,,1.8278845968202,1.8278845968202
249,3704A0VZ2,2008-12-31,1.0,,1.8310768273368945,1.8310768273368945
250,3704A0WD0,2008-12-31,1.0,,1.898974292546777,1.898974292546777
251,3704A0XF4,2008-12-31,1.0,,1.266936888809589,1.266936888809589
252,3704A0XJ6,2008-12-31,1.0,,1.767924426574594,1.767924426574594
253,3704A0XN7,2008-12-31,1.0,,1.747001212835125,1.747001212835125
254,3704A0XR8,2008-12-31,1.0,,1.3067427133259508,1.3067427133259508
255,3704A0XV9,2008-12-31,1.0,,1.8367866137221907,1.8367866137221907
256,3704A0YC0,2008-12-31,1.0,,1.603501621526099,1.603501621526099
257,3704A0YF3,2008-12-31,1.0,,1.8628844029505536,1.8628844029505536
258,3704A0YK2,2008-12-31,1.0,,1.8570180042242026,1.8570180042242026
259,3704A0YS5,2008-12-31,1.0,,1.231411432564221,1.231411432564221
260,3704A0YW6,2008-12-31,1.0,,1.3873729493541542,1.3873729493541542
261,65332VBD4,2008-12-31,1.0,,1.5428867648036435,1.5428867648036435
262,001920AB3,2009-01-31,1.0,0.6574599999999999,1.104651710660961,0.6574599999999999
263,17313G431,2009-01-31,1.0,,8.871931710276822,8.871931710276822
264,184502AU6,2009-01-31,1.0,0.021400000000000002,1.062587121735421,0.021400000000000002
265,29444VAD6,2009-01-31,1.0,1.01925,1.1928703334619128,1.01925
266,37042FK31,2009-01-31,1.0,,1.3043885213571835,1.3043885213571835
267,37042GK47,2009-01-31,1.0,,1.898208424930108,1.898208424930108
268,37042GRD0,2009-01-31,1.0,,1.1266963320841594,1.1266963320841594
269,3704A0AC6,2009-01-31,1.0,,1.1297900044257332,1.1297900044257332
270,3704A0F31,2009-01-31,1.0,,1.5107227773658685,1.5107227773658685
271,3704A0LA8,2009-01-31,1.0,,1.5972105064254438,1.5972105064254438
272,3704A0PL0,2009-01-31,1.0,,1.4939671744162637,1.4939671744162637
273,64805EAA0,2009-01-31,1.0,,1.2002585592095154,1.2002585592095154
274,64806QAG9,2009-01-31,1.0,,1.7991500398413824,1.7991500398413824
275,721467AF5,2009-01-31,1.0,,1.8692234270399226,1.8692234270399226
276,78648C107,2009-01-31,1.0,,8.059590441896768,8.059590441896768
277,939322AY9,2009-01-31,1.0,,1.0921164002873112,1.0921164002873112
278,82966UAK9,2009-02-28,1.0,0.991,1.069035827453832,0.991
279,026351AU0,2009-03-31,1.0,,1.2365191835674978,1.2365191835674978
280,02639EDF8,2009-03-31,1.0,,1.070507877104389,1.070507877104389
281,06050XDY6,2009-03-31,1.0,,1.20751966090234,1.20751966090234
282,179584AF4,2009-03-31,1.0,,1.506588121882243,1.506588121882243
283,345370BS8,2009-03-31,1.0,0.95903,1.0004254763566294,0.95903
284,345370BV1,2009-03-31,1.0,0.7714300000000001,1.0757779471847948,0.7714300000000001
285,345370BZ2,2009-03-31,1.0,1.1376300000000001,1.0225562623800213,1.1376300000000001
286,413627AN0,2009-03-31,1.0,1.2229,1.0309769915886395,1.2229
287,413627AU4,2009-03-31,1.0,1.48101,1.7499999954078231,1.48101
288,413627AW0,2009-03-31,1.0,1.24814,1.2457690132663766,1.24814
289,413627AX8,2009-03-31,1.0,1.3825100000000001,1.6261077193059201,1.3825100000000001
290,45974EDU7,2009-03-31,1.0,,1.7428532986007146,1.7428532986007146
291,86703QBJ9,2009-03-31,1.0,,1.397223358196719,1.397223358196719
292,86703QBN0,2009-03-31,1.0,,1.3497999753903325,1.3497999753903325
293,001920AB3,2009-04-30,1.0,,1.2533717565311135,1.2533717565311135
294,01903QAB4,2009-04-30,1.0,0.8172799999999999,1.03666874433198,0.8172799999999999
295,117043AG4,2009-04-30,1.0,0.20074999999999998,1.3142116856608559,0.20074999999999998
296,121579AB2,2009-04-30,1.0,1.09819,1.0740225484341288,1.09819
297,29444VAD6,2009-04-30,1.0,,1.2981952486992587,1.2981952486992587
298,345370BW9,2009-04-30,1.0,0.57553,1.0352445061879305,0.57553
299,34539CPW6,2009-04-30,1.0,,1.732117684199174,1.732117684199174
300,34539CQC9,2009-04-30,1.0,,1.5034945741149022,1.5034945741149022
301,34539CRV6,2009-04-30,1.0,,1.134214625845728,1.134214625845728
302,34539CXG2,2009-04-30,1.0,,1.2030274486004757,1.2030274486004757
303,35687MAK3,2009-04-30,1.0,1.00696,1.0590628005073774,1.00696
304,37042G2T2,2009-04-30,1.0,,1.0129500223292474,1.0129500223292474
305,37042GK54,2009-04-30,1.0,,1.5443448410896563,1.5443448410896563
306,37042GRK4,2009-04-30,1.0,,1.0034423819615268,1.0034423819615268
307,3704A0D58,2009-04-30,1.0,,1.1711061732447152,1.1711061732447152
308,552953AE1,2009-04-30,1.0,2.62259,1.7807372774574477,2.62259
309,562567AF4,2009-04-30,1.0,,1.778902680472619,1.778902680472619
310,59018YL90,2009-04-30,1.0,,1.3223409294294173,1.3223409294294173
311,608328AK6,2009-04-30,1.0,1.2259900000000001,1.1916189680822862,1.2259900000000001
312,608328AP5,2009-04-30,1.0,1.16199,1.2662120221570277,1.16199
313,608328AR1,2009-04-30,1.0,0.99785,1.4079838871786396,0.99785
314,63858SAA7,2009-04-30,1.0,,1.174362683293221,1.174362683293221
315,656559BG5,2009-04-30,1.0,1.18677,1.183343777619379,1.18677
316,767754AD6,2009-04-30,1.0,2.11437,1.5493770176683936,2.11437
317,767754BM5,2009-04-30,1.0,1.38762,1.3783533361780218,1.38762
318,767754BQ6,2009-04-30,1.0,1.2422499999999999,1.2235159296600375,1.2422499999999999
319,767754BT0,2009-04-30,1.0,1.23237,1.2004586630019012,1.23237
320,909214BL1,2009-04-30,1.0,0.9270900000000001,1.1876245916503698,0.9270900000000001
321,053773AE7,2009-05-31,1.0,1.36293,1.2862290667799594,1.36293
322,053773AF4,2009-05-31,1.0,1.32458,1.250016554499155,1.32458
323,36186CAD5,2009-05-31,1.0,1.8917599999999999,1.3794914187024774,1.8917599999999999
324,36186CAE3,2009-05-31,1.0,1.57483,2.246714242445743,1.57483
325,37042F3Y2,2009-05-31,1.0,,1.1617848567967792,1.1617848567967792
326,37042G2F2,2009-05-31,1.0,,1.1780337906480665,1.1780337906480665
327,37042G3E4,2009-05-31,1.0,,1.2583363860051517,1.2583363860051517
328,37042G5L6,2009-05-31,1.0,,1.052081542590487,1.052081542590487
329,37042GH90,2009-05-31,1.0,,1.3616634613635905,1.3616634613635905
330,37042GM78,2009-05-31,1.0,,1.0010616379099804,1.0010616379099804
331,37042GV52,2009-05-31,1.0,,1.1243829689271667,1.1243829689271667
332,37042GY59,2009-05-31,1.0,,1.1587768348321863,1.1587768348321863
333,37042GYT7,2009-05-31,1.0,,1.070190420670021,1.070190420670021
334,3704A0BC5,2009-05-31,1.0,,1.0144915086611002,1.0144915086611002
335,3704A0BY7,2009-05-31,1.0,,1.1153728644165932,1.1153728644165932
336,3704A0CM2,2009-05-31,1.0,,1.0131239430088521,1.0131239430088521
337,3704A0FA5,2009-05-31,1.0,,1.0975618072939135,1.0975618072939135
338,3704A0PD8,2009-05-31,1.0,,1.0233156587925516,1.0233156587925516
339,3704A0YF3,2009-05-31,1.0,,1.006891348145099,1.006891348145099
340,390568AA1,2009-05-31,1.0,,1.1448873098482355,1.1448873098482355
341,499040AH6,2009-05-31,1.0,0.68542,1.236726250039319,0.68542
342,60462EAE4,2009-05-31,1.0,1.1863299999999999,1.1182022957665732,1.1863299999999999
343,89855VAB6,2009-05-31,1.0,1.27896,1.552531491682408,1.27896
344,92336GAF3,2009-06-30,1.0,,1.4869606448914994,1.4869606448914994
345,925335AP6,2009-06-30,1.0,,1.045860369537316,1.045860369537316
346,488044AB4,2009-07-31,1.0,,1.0929421454292552,1.0929421454292552
347,02406PAE0,2009-08-31,1.0,1.07131,1.0123745950368628,1.07131
348,02406PAF7,2009-08-31,1.0,1.03899,1.0035720689298853,1.03899
349,373200AJ3,2009-08-31,1.0,,2.9392264810213184,2.9392264810213184
350,001920AB3,2009-09-30,1.0,,1.007976854882451,1.007976854882451
351,001920AD9,2009-09-30,1.0,,1.0924805519892868,1.0924805519892868
352,004398AE3,2009-09-30,1.0,1.9,1.2960213143957837,1.9
353,499040AP8,2009-09-30,1.0,0.63847,1.1366364063877559,0.63847
354,64806QAK0,2009-09-30,1.0,,1.0333923923611532,1.0333923923611532
355,83001PAD1,2009-09-30,1.0,,1.036382686009817,1.036382686009817
356,92839UAB3,2009-09-30,1.0,,2.5197782934075135,2.5197782934075135
357,92839UAC1,2009-09-30,1.0,,1.8950831957475505,1.8950831957475505
358,650341AB6,2009-10-31,1.0,,1.2919176440467104,1.2919176440467104
359,872962AA3,2009-10-31,1.0,,2.5372233393194654,2.5372233393194654
360,872962AB1,2009-10-31,1.0,,2.2558575443695075,2.2558575443695075
361,261018AB1,2010-01-31,1.0,,1.0659388629086637,1.0659388629086637
362,023139AF5,2010-04-30,1.0,,1.5771931005486028,1.5771931005486028
363,524909AW8,2012-11-30,1.0,,1.5216742834993373,1.5216742834993373
364,023139AF5,2013-01-31,1.0,,1.1312513991944197,1.1312513991944197
365,277461AV1,2013-04-30,1.0,,1.2729123719642026,1.2729123719642026
366,413627AX8,2015-01-31,1.0,0.87375,1.240907915129916,0.87375
367,008294AE0,2015-10-31,1.0,-0.05714,1.0529292644466657,-0.05714
368,768369AF7,2015-11-30,1.0,,1.058230988159174,1.058230988159174
369,608753AG4,2016-01-31,1.0,,1.5968831483427788,1.5968831483427788
370,03834AAA1,2016-03-31,1.0,1.31919,1.3115205361793563,1.31919
371,15942RAB5,2016-03-31,1.0,1.75,1.5854709147033261,1.75
372,15942RAD1,2016-03-31,1.0,1.3667099999999999,1.1285589392384014,1.3667099999999999
373,18683KAA9,2016-03-31,1.0,1.18825,1.207786835558066,1.18825
374,18683KAB7,2016-03-31,1.0,1.29643,1.1995925445097273,1.29643
375,18683KAC5,2016-03-31,1.0,1.19971,1.117223920245719,1.19971
376,18683KAD3,2016-03-31,1.0,1.24053,1.3185496811220307,1.24053
377,18683KAF8,2016-03-31,1.0,1.34438,1.148634465580103,1.34438
378,268787AB4,2016-03-31,1.0,0.74614,1.1358339070282275,0.74614
379,536022AF3,2016-03-31,1.0,0.54391,1.856231235647382,0.54391
380,06051N518,2017-02-28,1.0,,1.2652289246059916,1.2652289246059916
381,06051N518,2017-06-30,1.0,,1.4460830954380193,1.4460830954380193
382,06051R881,2017-11-30,1.0,,1.029562083545497,1.029562083545497
383,480081AK4,2018-04-30,1.0,1.099,1.851276353179044,1.099
384,48020UAA6,2018-04-30,1.0,,2.2544619046589056,2.2544619046589056
385,125896BN9,2020-04-30,1.0,0.19553,1.3377304970337407,0.19553
386,958254AD6,2020-04-30,1.0,0.9395600000000001,1.010969135847627,0.9395600000000001
387,958667AC1,2020-04-30,1.0,1.082,1.1066729390060668,1.082
388,86614WAD8,2020-05-31,1.0,1.1693500000000001,1.1391450383780712,1.1693500000000001
389,34984VAB6,2020-08-31,1.0,1.16802,1.0655529809226612,1.16802
390,00165AAH1,2020-11-30,1.0,,1.853033903713401,1.853033903713401
391,00165CAD6,2020-11-30,1.0,,1.3165693538337981,1.3165693538337981
392,761519BD8,2020-11-30,1.0,,2.1039525657720186,2.1039525657720186
393,761519BF3,2020-11-30,1.0,1.41632,1.4589185236419107,1.41632
394,00165AAH1,2021-01-31,1.0,,3.0009235714175153,3.0009235714175153
395,00165CAB0,2021-01-31,1.0,,2.852344034397802,2.852344034397802
396,00165CAD6,2021-01-31,1.0,,2.6471417250453046,2.6471417250453046
